"Job_Link","Title","Industry","Job_Category_parent","Job_Category","Salary_Mode","Min_Salary","Max_Salary","Skills","Job_Type","Work Arrangement","Education","Experience"
"https://glints.com/id/opportunities/jobs/aa723e68-e101-4c94-bfd3-e26886e78c1c","Brand Strategy Manager","Apparel & Fashion","Marketing","Marketing Director","N/A","0","0","Social Media, Digital Marketing, Marketing Communications","FULL_TIME","ONSITE","BACHELOR_DEGREE","3"
"https://glints.com/id/opportunities/jobs/41e45551-bb57-48f5-a8bb-c6fbf522e4d6","cashier","Restaurants","Services Industry","Cashier","MONTH","2000000","2200000","Cashier, Supermarket Cashier, Convenience Store Cashier, Shopping Mall Cashier","FULL_TIME","ONSITE","HIGH_SCHOOL","0"
"https://glints.com/id/opportunities/jobs/840234a3-8210-4646-ba5a-c39cc739d7e9","Operator Mesin Plastik (BLOW FILM)","Plastics","Mechanical Design & Manufacturing","Machine Operator","N/A","0","0","Production Machine Operation, Teamwork, Manufacturing Production, Machine Blown Film, Work Shifts, Production Sop, Basic Troubleshooting, Quality Control, Machine Setup, Product Inspection, Production Targets, Preventive Maintenance, Product Packaging , work discipline, Occupational Health And Safety Management System Standards, Attention to Detail, Raw Material Usage, Production process control, Housekeeping, Problem Solving","FULL_TIME","ONSITE","SECONDARY_SCHOOL","1"
"https://glints.com/id/opportunities/jobs/d13fe103-2c72-4073-88b5-4912da3776da","Kitchen Helper Croco Bali","Food & Beverages","Services Industry","Kitchen Staff","MONTH","2900000","3500000","Cook, Kitchen Supporting Design, Catering Management, Teamwork, Home Cooking","FULL_TIME","ONSITE","HIGH_SCHOOL","0"
"https://glints.com/id/opportunities/jobs/981b03e3-25f0-4a1b-bfa7-7fef8ac07a56","UI/UX Designer","Information Technology and Services","Visual & Interactive Design","UI/UX Designer","N/A","0","0","Mobile UI Design, UI Design, Figma, User Experience Design, Usability Testing, UX Design, UX Research, Prototyping","FULL_TIME","ONSITE","BACHELOR_DEGREE","3"
"https://glints.com/id/opportunities/jobs/cbc201c6-3b48-42d6-b7c6-c81450374187","Video Content Creator","Food & Beverages","Marketing","Content Creator","N/A","0","0","Content Strategy, Content Editing, TikTok","PROJECT_BASED","HYBRID","HIGH_SCHOOL","1"
"https://glints.com/id/opportunities/jobs/45827f30-e947-4e2b-b9ff-78e1a071d91e","Cleaning Service (Surakarta)","Outsourcing/Offshoring","Services Industry","Cleaner","MONTH","2300000","2600000","Office Cleaning, Hotel Cleaning, Cleaning Service","FULL_TIME","ONSITE","HIGH_SCHOOL","0"
"https://glints.com/id/opportunities/jobs/8d0d4764-66ba-466e-93eb-679199552533","Cleaning Service (Semarang)","Outsourcing/Offshoring","Services Industry","Cleaner","MONTH","3400000","3700000","Office Cleaning, Cleaning Service, Hotel Cleaning","FULL_TIME","ONSITE","HIGH_SCHOOL","0"
"https://glints.com/id/opportunities/jobs/00247ab5-ccd6-49f7-ac0b-e16fac6a08de","Kasir (Part-time)","Food & Beverages","Services Industry","Cashier","MONTH","1000000","2000000","Supermarket Cashier, Cashier, Convenience Store Cashier","PART_TIME","ONSITE","HIGH_SCHOOL","1"
"https://glints.com/id/opportunities/jobs/cd20d5ac-eda2-454d-8ff8-e2d3c20b4ad4","COOK/KASIR","Food & Beverages","Services Industry","Cashier","MONTH","2000000","3000000","Credit Card Sales, Supermarket Cashier, Shopping Mall Cashier, Cashier, Convenience Store Cashier","FULL_TIME","ONSITE","HIGH_SCHOOL","0"
"https://glints.com/id/opportunities/jobs/cac7bc33-a19e-4f28-8596-08be0f6cc0ef","Staf Magang Pemasaran","Accounting","Marketing","Marketing Professionals","MONTH","1260000","2200000","Social Media, Digital Marketing, Marketing Strategy, Market Research, Marketing Communications","INTERNSHIP","HYBRID","DIPLOMA","0"
"https://glints.com/id/opportunities/jobs/a032fd08-829f-4dfe-8f4a-14cf8e66a31a","Perawat Home Care untuk Lansia (Penempatan Hongkong Resmi BP2MI)","Individual & Family Services","Services Industry","Care Worker","MONTH","10000000","12000000","Healthcare, Postoperative Care, Home Care, Personal Care, Elderly Care, Critical Care Nurse","CONTRACT","ONSITE","HIGH_SCHOOL","0"
"https://glints.com/id/opportunities/jobs/4a89f54b-3885-4f53-800d-0a961fafa450","Internal Audit Officer","Retail","Accounting","Auditor","N/A","0","0","Internal Audit, Accounting, Data analysis, Financial Report Audit, Artificial Intelligence, Microsoft Excel","INTERNSHIP","ONSITE","DIPLOMA","1"
"https://glints.com/id/opportunities/jobs/7482662f-e24c-4873-b7e5-1085a266524e","Kurir Motor Area Jakarta Selatan","Insurance","Supply Chain, Logistics & Transportation","Driver / Motorcycle Courier","MONTH","3500000","6000000","Customer Service, Logistics Distribution, Delivery","FULL_TIME","ONSITE","PRIMARY_SCHOOL","0"
"https://glints.com/id/opportunities/jobs/2a0a0ffb-0c15-4e2c-88b8-f3c5b54cead8","Barista","Food & Beverages","Services Industry","Barista","MONTH","1000000","2000000","Coffee Shop, Latte Art, Tea Art","FULL_TIME","ONSITE","HIGH_SCHOOL","1"
"https://glints.com/id/opportunities/jobs/84c9e5b7-4309-4b08-8238-954573bd4166","Affiliate Specialist (Paid Internship/Magang)","Distributor","Marketing","Digital Marketing Specialist","N/A","0","0","Marketing Strategy, Instagram Marketing, Affiliate Marketing, Digital Marketing, Marketing Communications, Creative Marketing","INTERNSHIP","ONSITE","BACHELOR_DEGREE","0"
"https://glints.com/id/opportunities/jobs/ce272e1c-5350-4b09-a9bb-7bc8aa106026","KURIR MOTOR AREA BEKASI","Insurance","Supply Chain, Logistics & Transportation","Driver / Motorcycle Courier","MONTH","3500000","6000000","Logistics Distribution, Customer Service, Delivery","FULL_TIME","ONSITE","SECONDARY_SCHOOL","0"
"https://glints.com/id/opportunities/jobs/e560c1ae-fa6f-4525-9e50-c6ae52e0d895","Accounting","Hospitality","Accounting","Accountant","MONTH","4000000","5000000","Corporate Finance, SAP, Xero","FULL_TIME","ONSITE","BACHELOR_DEGREE","1"
"https://glints.com/id/opportunities/jobs/e404e594-0ac8-4fa8-8946-325dba1f2d8a","Petugas Laundry SHIFT MALAM PENGALAMAN SETRIKA UAP","Consumer Services","Retail","Store Crew","MONTH","1000000","2000000","Customer Service, Store Operations, Cashier","FULL_TIME","ONSITE","HIGH_SCHOOL","0"
"https://glints.com/id/opportunities/jobs/8305814c-720d-4c49-8646-b14e7c74056b","Kurir Motor Area Depok Bogor","Insurance","Supply Chain, Logistics & Transportation","Driver / Motorcycle Courier","MONTH","3500000","6000000","Delivery, Customer Service, Logistics Distribution","FULL_TIME","ONSITE","PRIMARY_SCHOOL","0"
"https://glints.com/id/opportunities/jobs/5ecf64f8-6544-4ce3-88e8-630c01af19e9","Marketing Communication","Information Technology and Services","Marketing","Marketing Professionals","MONTH","5000000","7000000","Marketing Strategy, Google Ads, Social Media, Marketing Communications, Market Research, Digital Marketing, Content Strategy, Content Marketing","FULL_TIME","ONSITE","BACHELOR_DEGREE","1"
"https://glints.com/id/opportunities/jobs/27f0592c-be0f-4870-bd47-8e285a4c4663","Personal Asistant","Construction","Building & Real Estate","Other Construction Positions","N/A","0","0","AutoCAD, Construction Management, Construction Safety, Project Management","FULL_TIME","HYBRID","BACHELOR_DEGREE","1"
"https://glints.com/id/opportunities/jobs/2c9d0f2f-1d48-4a6f-8c6d-26e414cffaef","Terapis","Hospital & Health Care","Nutrition & Rehabilitation","Occupational Therapist","N/A","0","0","Occupational Therapy, Rehabilitation, Teamwork","CONTRACT","ONSITE","HIGH_SCHOOL","0"
"https://glints.com/id/opportunities/jobs/b6282c0b-e305-4cc9-a7d8-9280ee9cc052","Senior Interior Designer","Construction","Building & Real Estate","Interior Designer","MONTH","9000000","14000000","SketchUp, Interior Design, Adobe Photoshop, AutoCAD","FULL_TIME","REMOTE","DIPLOMA","1"
"https://glints.com/id/opportunities/jobs/22d03910-0aa0-4434-8a24-0989d3663baf","Outlet Crew / Staff Toko F&B Kota Tangerang","Food & Beverages","Retail","Store Crew","MONTH","2000000","2500000","Positive Attitude, Customer Service, Cashier, Teamwork, Serving, Cook","FULL_TIME","ONSITE","HIGH_SCHOOL","1"
"https://glints.com/id/opportunities/jobs/610d1225-ebf2-4c3b-811f-3860e2abbe37","Marketing Staff Intern (Paid Internship)","Distributor","Marketing","Marketing Professionals","MONTH","700000","","Digital Marketing, Marketing Strategy, Marketing Communications","INTERNSHIP","ONSITE","BACHELOR_DEGREE","0"
"https://glints.com/id/opportunities/jobs/9b4fb8d4-a4a7-4979-a77b-4ce3454ca1a2","Marketing Executive ISP MoraRepublic Majalengka","Facilities Services","Marketing","Marketing Professionals","MONTH","1000000","10000000","Marketing Communications, Marketing Strategy, Sales and Marketing, B2B Marketing, B2C Marketing, Creative Marketing","FULL_TIME","ONSITE","HIGH_SCHOOL","0"
"https://glints.com/id/opportunities/jobs/3d737eb0-5819-45ed-a147-4ef7105b5c3e","Project Mechanical Engineer","Mechanical or Industrial Engineering","Mechanical Design & Manufacturing","Mechanical Engineer","MONTH","7000000","8000000","Piping, Mechanical Engineering, Mechanical Design","CONTRACT","ONSITE","DIPLOMA","3"
"https://glints.com/id/opportunities/jobs/e240cbb5-dc97-4327-a95e-010503942384","Digital Marketing","Business Supplies and Equipment","Marketing","Digital Marketing Specialist","MONTH","3200000","4800000","Google Analytics, B2B Marketing, Meta Ads, TikTok Ads, Shopee Ads, Affiliate Marketing, Social Media, Content Strategy, Marketing Communications, Google Ads, Digital Marketing, Tokopedia Ads, E-Commerce Operations, E-commerce, Sales and Marketing, Content Marketing","FULL_TIME","ONSITE","BACHELOR_DEGREE","1"
"https://glints.com/id/opportunities/jobs/4fc069d3-4291-467b-99bf-d6bf97e79951","MARKETING EXECUTIVE SPECIALIST MY REPUBLIK PURWAKARTA","Facilities Services","Marketing","Marketing Professionals","MONTH","3000000","4000000","Digital Marketing, Marketing Communications, Social Media","FULL_TIME","ONSITE","HIGH_SCHOOL","0"
"https://glints.com/id/opportunities/jobs/3880d267-6b33-4fb9-97f0-fdda49e66b59","Senior Sales Engineer","Mechanical or Industrial Engineering","Business Development & Sales","Sales Consultant","MONTH","5000000","6500000","Customer Relationship Management, B2C Sales, B2B Sales, Communication Skills, Sales Planning","FULL_TIME","ONSITE","BACHELOR_DEGREE","3"
"https://glints.com/id/opportunities/jobs/01e8371a-654b-446e-8351-06043f3418ea","Drafter","Mechanical or Industrial Engineering","Building & Real Estate","Drafter","MONTH","5000000","7000000","Revit, AutoCAD, SketchUp, Drafting","CONTRACT","ONSITE","HIGH_SCHOOL","3"
"https://glints.com/id/opportunities/jobs/d1c8de20-c668-4073-85cf-e22ff9e8daf3","Outlet Crew / Staff Toko F&B Tangerang","Food & Beverages","Retail","Store Crew","MONTH","2000000","2500000","Serving, Cook, Customer Service, Positive Attitude, Teamwork, Cashier","FULL_TIME","ONSITE","HIGH_SCHOOL","1"
"https://glints.com/id/opportunities/jobs/65890e43-e01d-4ac4-b6fa-5034ff38ce96","Canvasser Merchant Engagement","Outsourcing/Offshoring","Business Development & Sales","Sales Representative","N/A","0","0","Sales and Marketing, Communication Skills, Customer Service","FULL_TIME","ONSITE","HIGH_SCHOOL","1"
"https://glints.com/id/opportunities/jobs/b96cb951-db21-470a-a80e-3a45ede33d4a","Canvasser Merchant Engagement","Outsourcing/Offshoring","Business Development & Sales","Sales Representative","N/A","0","0","Customer Service, Communication Skills, Sales and Marketing","FULL_TIME","ONSITE","HIGH_SCHOOL","1"
"https://glints.com/id/opportunities/jobs/78e0c480-60bf-4b0a-b819-133cae7af3fe","Marketing Executive ISP MoraRepublic Indramayu","Facilities Services","Marketing","Marketing Professionals","MONTH","3000000","4000000","B2B Marketing, B2C Marketing, Marketing Communications, Sales and Marketing","FULL_TIME","ONSITE","HIGH_SCHOOL","0"
"https://glints.com/id/opportunities/jobs/d0b2b0e3-eb4e-4607-9b9a-eb8dcb6332f2","HRIS (Human Resources Information System)","Retail","Human Resources","Human Resources Specialist & Assistant","N/A","0","0","Pengurusan Kontrak Karyawan, HRIS Database Management, Payroll, Microsoft Excel","FULL_TIME","ONSITE","DIPLOMA","1"
"https://glints.com/id/opportunities/jobs/c354b009-b754-4ae1-a86e-b70a03b25e97","host live streamer","Apparel & Fashion","Marketing","Livestreamer","MONTH","3000000","","Live Streaming, TikTok, Image Editing","FULL_TIME","ONSITE","HIGH_SCHOOL","0"
"https://glints.com/id/opportunities/jobs/22fa7968-d1ba-47ae-a331-27de23364c24","Sales promotion girls","N/A","Business Development & Sales","Sales Operations","MONTH","2000000","3000000","Customer Support, Communication Skills, Sales Strategy, Sales and Marketing","FULL_TIME","ONSITE","HIGH_SCHOOL","1"
"https://glints.com/id/opportunities/jobs/96f2a900-8731-40ff-bda8-908b4f2709a0","KURIR MOTOR AREA JAKARTA TIMUR","Insurance","Supply Chain, Logistics & Transportation","Driver / Motorcycle Courier","MONTH","3500000","6000000","Delivery, Customer Service, Logistics Distribution","FULL_TIME","ONSITE","SECONDARY_SCHOOL","0"
"https://glints.com/id/opportunities/jobs/2d4cbbe2-28c1-49a1-91c5-cc5df7befe45","Customer Service Accommodation & Transportation","Outsourcing/Offshoring","Customer Service","Customer Service Representative","MONTH","2000000","3000000","Problem Solving, Communication Skills, Customer Service","FULL_TIME","ONSITE","DIPLOMA","1"
"https://glints.com/id/opportunities/jobs/582ed4e7-353d-4245-a054-e86a721f0c69","Tax Associate Consultant","Accounting","Accounting","Tax Accountant","YEAR","3500000","4000000","Accounting, Microsoft Excel, Tax Reporting","FULL_TIME","ONSITE","BACHELOR_DEGREE","0"
"https://glints.com/id/opportunities/jobs/d979586e-975c-4319-83c9-24febf881aba","Talent Acquisition","Retail","Human Resources","Recruiter","N/A","0","0","Technical Job Recruitment, Interviewing Skills, Psychological Assessment, Recruitment, Communication Skills","FULL_TIME","ONSITE","BACHELOR_DEGREE","1"
"https://glints.com/id/opportunities/jobs/dff0d53f-7f73-483a-8057-03082d6cbcd8","social media specialist","Marketing and Advertising","Marketing","Social Media Manager","MONTH","1000000","1500000","Digital Marketing, Content Marketing, Social Media","INTERNSHIP","ONSITE","HIGH_SCHOOL","0"
"https://glints.com/id/opportunities/jobs/8f2a82ae-8ec4-444e-9f9a-b6dd0ad34da2","Helper Gudang","Logistics and Supply Chain","Storage","Warehouse Clerk","N/A","0","0","Warehouse Operator, Microsoft Office, Communicative, Warehouse Management, Teamwork, Stock Opname","FULL_TIME","ONSITE","HIGH_SCHOOL","0"
"https://glints.com/id/opportunities/jobs/741d52cd-0622-4319-a67e-18da555af517","EXECUTIVE MARKETING DIRECTOR","Events Services","Marketing","Sales Marketing","N/A","0","0","Marketing Strategy, Marketing Communications, Sales and Marketing, Sales Management, B2C Sales, Sales Operations, Digital Marketing, B2B Sales, Sales Strategy, Content Marketing","FULL_TIME","ONSITE","DIPLOMA","1"
"https://glints.com/id/opportunities/jobs/8fd7d6b0-ebb0-4681-be51-0124e3be7d7e","Marketing Executive ISP MoraRepublic Kuningan","Facilities Services","Marketing","Marketing Professionals","MONTH","1000000","12000000","Marketing Strategy, B2B Marketing, B2C Marketing, Marketing Communications","FULL_TIME","ONSITE","HIGH_SCHOOL","0"
"https://glints.com/id/opportunities/jobs/1bbab566-9fe8-47d2-9fc3-a6e134acbf81","MARKETING EXECUTIVE MY REPUBLIK SUBANG","Facilities Services","Marketing","Marketing Professionals","MONTH","2000000","3000000","Digital Marketing, Marketing Communications, Social Media","FULL_TIME","HYBRID","HIGH_SCHOOL","0"
"https://glints.com/id/opportunities/jobs/b8f61770-6577-4b78-8af8-ca3614c64d9b","Guru Bahasa Inggris","Education Management","Education & Training","English Teacher","MONTH","2000000","3000000","Communication Skills, Teaching, English Language","FULL_TIME","ONSITE","BACHELOR_DEGREE","1"
"https://glints.com/id/opportunities/jobs/77084d04-e5bf-4747-a764-62c056957f80","Tentor (IPS , Sosiologi)","Education Management","Education & Training","Teacher","N/A","0","0","Customer Service, Language Teaching, Communication Skills, Teaching High School Social, Lesson Planning, Student Counseling, Classroom Management, Teamwork, Teaching","FULL_TIME","ONSITE","BACHELOR_DEGREE","1"
"https://glints.com/id/opportunities/jobs/88049407-97c0-42ce-82ae-86efea6b9f83","Customer Service Penjualan","Leisure, Travel & Tourism","Customer Service","Customer Service Representative","MONTH","1800000","2500000","Customer Satisfaction, Communication Skills, Sales Strategy, Negotiation Skills","FULL_TIME","ONSITE","HIGH_SCHOOL","0"
"https://glints.com/id/opportunities/jobs/698aa3a1-cba8-4438-818d-5c87913ccc56","Marketing Executive ISP MoraRepublic Cirebon","Facilities Services","Marketing","Marketing Professionals","MONTH","1000000","10000000","Sales and Marketing, Product Marketing, B2B Marketing, Marketing Strategy, B2C Marketing, Marketing Communications","FULL_TIME","ONSITE","HIGH_SCHOOL","0"
"https://glints.com/id/opportunities/jobs/223b4979-1b2a-4deb-8c78-09de6ded815d","Staf Gudang","Business Supplies and Equipment","Storage","Warehouse Assistant","MONTH","2000000","3000000","Logistics Management, Stock Opname, Warehouse Management","FULL_TIME","ONSITE","HIGH_SCHOOL","1"
"https://glints.com/id/opportunities/jobs/a714d45f-1152-487a-bce6-be503d591808","Tentor (Bahasa Inggris & Bahasa Indonesia)","Education Management","Education & Training","Teacher","N/A","0","0","Teamwork, Lesson Planning, Language Teaching, Literature, English Language, Communication Skills, Classroom Management, Customer Service, Student Counseling, Teaching","FULL_TIME","ONSITE","BACHELOR_DEGREE","1"
"https://glints.com/id/opportunities/jobs/cf8e568c-4d43-4713-9c2c-bd09edfd764a","Admin Accounting Intern","Chemicals","Accounting","Accountant","MONTH","1500000","2000000","Tax Accounting, ACCRUATE, Accounting, Accounts Receivable, Income Tax","FULL_TIME","ONSITE","BACHELOR_DEGREE","0"
"https://glints.com/id/opportunities/jobs/f9d63852-f3ca-4766-8f45-5f083168e7be","Sales Inhouse Perumahan","Construction","Business Development & Sales","Real Estate Sales","MONTH","1000000","10000000","Sales Strategy, Sales and Marketing, Communication Skills","FULL_TIME","ONSITE","HIGH_SCHOOL","1"
"https://glints.com/id/opportunities/jobs/ca1bced9-4468-4a37-9fb1-13c7a55800c0","Barista/Server","Food & Beverages","Services Industry","Barista","MONTH","3500000","3800000","Customer Service, Latte Art, Beverage Shop Supervisor, Teamwork","FULL_TIME","ONSITE","DIPLOMA","3"
"https://glints.com/id/opportunities/jobs/9623791e-9da4-4d97-96da-4491c4399871","Human Resources (HRD)","Primary/Secondary Education","Human Resources","Human Resources Specialist & Assistant","MONTH","1600000","2000000","Team Leadership, Teamwork, Communication Skills","FULL_TIME","ONSITE","BACHELOR_DEGREE","0"
"https://glints.com/id/opportunities/jobs/cb7c3b90-6019-4d0e-aa2f-7715183e1abf","Supervisor Marketing Klinik Kecantikan","Hospital & Health Care","Marketing","Marketing Professionals","MONTH","500000","8000000","Product Marketing, Marketing Management, Digital Marketing","FULL_TIME","ONSITE","DIPLOMA","0"
"https://glints.com/id/opportunities/jobs/c071e702-db30-4332-82f7-e2e1751513e7","Teknisi Pendingin","Food & Beverages","Mechanical Design & Manufacturing","Maintenance Engineer","MONTH","4000000","5000000","Electrical Maintenance, Preventive Maintenance, Maintenance Engineering","FULL_TIME","ONSITE","HIGH_SCHOOL","3"
"https://glints.com/id/opportunities/jobs/7de6d537-cd41-4ac1-a314-cb6de96ea4ac","Junior Barista","Food & Beverages","Services Industry","Barista","MONTH","1000000","2000000","Attention to Detail, Teamwork, Leadership, Coffee Shop, Sales and Marketing, Latte Art, Customer Service, Problem Solving, Public Speaking","FULL_TIME","ONSITE","HIGH_SCHOOL","0"
"https://glints.com/id/opportunities/jobs/09655b52-a5ec-4092-8b77-694fe80d803b","sales wifi jakarta","N/A","Business Development & Sales","Sales Motoris","MONTH","2900000","9000000","Sales Strategy, Communication Skills, Sales and Marketing","FULL_TIME","HYBRID","HIGH_SCHOOL","0"
"https://glints.com/id/opportunities/jobs/a478513e-93d5-4954-9608-a1cdfea44322","sales wifi makassar","N/A","Business Development & Sales","Sales Motoris","MONTH","2500000","9000000","Sales and Marketing, Sales Strategy, Communication Skills","FULL_TIME","HYBRID","HIGH_SCHOOL","0"
"https://glints.com/id/opportunities/jobs/0ec19623-ddbb-4c91-832f-1d2c963d8de5","Customer Service Frontliner","Primary/Secondary Education","Customer Service","Customer Service Representative","MONTH","1700000","2000000","Communication Skills, Online Marketing, Customer Service, Customer Satisfaction, Administration, Marketing Strategy, Customer Relations","FULL_TIME","ONSITE","HIGH_SCHOOL","0"
"https://glints.com/id/opportunities/jobs/61cdc34b-0c22-46a0-a155-be2a74f9484d","Tentor (Matematika, Fisika, Kimia)","Education Management","Education & Training","Teacher","N/A","0","0","Mathematics, Classroom Management, Customer Service, Student Counseling, Teamwork, Language Teaching, Physics, Communication Skills, Lesson Planning, Chemistry, Teaching","FULL_TIME","ONSITE","BACHELOR_DEGREE","1"
"https://glints.com/id/opportunities/jobs/ec6d9fe4-d300-4840-9765-785aedc4d058","Tax administration","Retail","Accounting","Tax Accountant","MONTH","3000000","4000000","Microsoft Office, Microsoft Excel, Teamwork, Microsoft Word, Microsoft PowerPoint, Accounting, Administration","FULL_TIME","ONSITE","HIGH_SCHOOL","3"
"https://glints.com/id/opportunities/jobs/183c53ca-0db0-486e-9e82-9ded4c0dc2f6","operator gudang","Logistics and Supply Chain","Storage","Warehouse Controller","MONTH","5400000","5620000","Stock Opname, Warehouse Management, Inventory Management","FULL_TIME","ONSITE","HIGH_SCHOOL","0"
"https://glints.com/id/opportunities/jobs/74f87bad-a2bf-42d7-ac61-825dd44754c0","Sales Canvasser","Outsourcing/Offshoring","Business Development & Sales","Sales Representative","N/A","0","0","Communication Skills, Customer Service, Sales and Marketing","FULL_TIME","ONSITE","DIPLOMA","1"
"https://glints.com/id/opportunities/jobs/f528052a-b165-4063-b2cb-d9f65b579588","Staff Penagihan Lapangan - Cab Babat Toman","Retail","Accounting","Field Collector","MONTH","3900000","4500000","Risk Management, Customer Service, Credit Risk, Negotiation Skills, Fee Collection","FULL_TIME","ONSITE","HIGH_SCHOOL","0"
"https://glints.com/id/opportunities/jobs/6681738b-3505-4c6d-a222-9ef5812f5248","DSR QRIS MERCHANT MOBILE","Human Resources","Business Development & Sales","Sales Representative","MONTH","4000000","6000000","Customer Engagement, Customer Service, B2B Sales, Sales and Marketing, B2C Sales, Sales Management, Customer Relationship Management, Sales Strategy, Communication Skills","FULL_TIME","ONSITE","HIGH_SCHOOL","1"
"https://glints.com/id/opportunities/jobs/e8c35bb0-cedd-4cb0-b653-480754187dc4","DSR QRIS MERCHANT MOBILE","Human Resources","Business Development & Sales","Sales Representative","MONTH","4000000","6000000","Customer Engagement, B2B Sales, Sales Strategy, B2C Sales, Customer Relationship Management, Sales and Marketing, Customer Service, Sales Management, Communication Skills","FULL_TIME","ONSITE","HIGH_SCHOOL","1"
"https://glints.com/id/opportunities/jobs/8b70aa3f-16fa-414a-9c19-1b1ec3fc3b2d","Staff Penagihan Lapangan - Cab Pagar Alam","Retail","Accounting","Field Collector","MONTH","3900000","4500000","Negotiation Skills, Credit Risk, Fee Collection, Risk Management, Customer Service","FULL_TIME","ONSITE","HIGH_SCHOOL","0"
"https://glints.com/id/opportunities/jobs/3d3f99ef-1f9b-482a-9269-88f2b544a984","Waffle & Coffee","Food & Beverages","Retail","Store Crew","MONTH","1000000","2000000","Cashier, Customer Service, Store Operations","FULL_TIME","ONSITE","HIGH_SCHOOL","0"
"https://glints.com/id/opportunities/jobs/5a3aecb3-1c89-4714-9b8e-f4eef6d91f79","DSR QRIS MERCHANT MOBILE","Human Resources","Business Development & Sales","Sales Representative","MONTH","4000000","6000000","Customer Engagement, Sales Strategy, Customer Service, Sales Management, Sales and Marketing, Communication Skills, Customer Relationship Management, B2C Sales, B2B Sales","FULL_TIME","ONSITE","HIGH_SCHOOL","1"
"https://glints.com/id/opportunities/jobs/95d31019-db12-4181-9bd2-0ab238c330ef","URGENT : Host Live Streamer (Fashion)","Retail","Marketing","Livestreamer","MONTH","3000000","4500000","Teamwork, Public Speaking, Live Streaming, TikTok","FULL_TIME","ONSITE","HIGH_SCHOOL","1"
"https://glints.com/id/opportunities/jobs/52539a5b-d306-483a-99a6-7cea0ce04b42","Sample Sewer","Apparel & Fashion","Technician & General Worker","Tailor","MONTH","3500000","4500000","Tailor, Attention to Detail, Teamwork, Time Management, Pattern Making","FULL_TIME","ONSITE","HIGH_SCHOOL","1"
"https://glints.com/id/opportunities/jobs/f83c27f0-9d21-4c88-a47c-83b32e2513d3","Staff Penagihan Lapangan - Cab Sukarami","Retail","Accounting","Field Collector","MONTH","4100000","4500000","Risk Management, Credit Risk, Fee Collection, Negotiation Skills, Customer Service","FULL_TIME","ONSITE","HIGH_SCHOOL","0"
"https://glints.com/id/opportunities/jobs/a54fe833-bdf7-4033-ae22-6984de0dc629","Collection Officer","Financial Services","Accounting","Field Collector","MONTH","500000","1000000","Negotiation Skills, Customer Service, Data Collection","FULL_TIME","ONSITE","HIGH_SCHOOL","0"
"https://glints.com/id/opportunities/jobs/e7af680d-e58a-4a73-84aa-5a0b7fa9825a","Staff Penagihan Lapangan - Cab Martapura Cidawang","Retail","Accounting","Field Collector","MONTH","3900000","4500000","Customer Service, Credit Risk, Fee Collection, Negotiation Skills, Risk Management","FULL_TIME","ONSITE","HIGH_SCHOOL","0"
"https://glints.com/id/opportunities/jobs/9749adf7-65c3-4610-962c-c46d462dd46c","Crew Kitchen","Restaurants","Services Industry","Kitchen Staff","MONTH","2000000","2500000","Teamwork, Steward, kitchen","FULL_TIME","ONSITE","HIGH_SCHOOL","1"
"https://glints.com/id/opportunities/jobs/f3974b9a-ee09-43a3-ab20-1e3703bd640b","Retail Operations Manager (ROM)","Retail","Operations","Business Operations","MONTH","7000000","11000000","Analytical Skills, Business Management, Operational Planning","FULL_TIME","ONSITE","BACHELOR_DEGREE","5"
"https://glints.com/id/opportunities/jobs/708740b4-e62f-4208-8984-8481a0e2b1f6","Marketing sales","Entertainment","Marketing","Sales Marketing","MONTH","3000000","4000000","Marketing Communications, Sales and Marketing, Digital Marketing","FULL_TIME","ONSITE","HIGH_SCHOOL","1"
"https://glints.com/id/opportunities/jobs/578b97f2-e313-4e2a-9f81-4a6652947659","Kurir Last-Mile","Package/Freight Delivery","Supply Chain, Logistics & Transportation","Driver / Motorcycle Courier","MONTH","3000000","4000000","Google Maps, Driving, Time Management, Service Delivery","FULL_TIME","HYBRID","SECONDARY_SCHOOL","0"
"https://glints.com/id/opportunities/jobs/044519d7-635a-47ee-ba3c-913e38647d2e","Spesialis Asset Management","Hospital & Health Care","Finance","Investment Manager","MONTH","4000000","5300000","Asset Management, Financial System Management, Financial Management","FULL_TIME","ONSITE","BACHELOR_DEGREE","1"
"https://glints.com/id/opportunities/jobs/9045be3d-f95e-431b-8853-92d7c560ba1b","Host Live Full Time","Apparel & Fashion","Film & Television Media","Host","MONTH","2000000","2500000","Host, Communication Skills, Marketing Skills","FULL_TIME","ONSITE","HIGH_SCHOOL","1"
"https://glints.com/id/opportunities/jobs/7d837d6a-4e3a-43bc-b80d-bd1339b906bd","BUTUH CEPAT (CALL COLLECTION / TELECOLLECTION)","Outsourcing/Offshoring","Customer Service","Customer Service Representative","MONTH","1700000","2550000","Problem Solving, Customer Relationship Management, Customer Service, Telecommunications, Communication Skills, Call Colletion, Negotiation Skills, Outbound Call, Call Center, Fee Collection, Telephone Collection","FULL_TIME","ONSITE","HIGH_SCHOOL","0"
"https://glints.com/id/opportunities/jobs/428dea05-d055-4bdb-899a-9ba6a360dc69","Barista","Food & Beverages","Services Industry","Barista","MONTH","2500000","5000000","Coffee Shop, Cashier, Fancy Coffee, Italian Coffee, Latte Art","CONTRACT","ONSITE","HIGH_SCHOOL","0"
"https://glints.com/id/opportunities/jobs/bc8bacb3-adc8-42ac-9e45-4c4953b83337","crew outlet","Food & Beverages","Services Industry","Kitchen Staff","MONTH","1100000","2000000","Cook, Teamwork, Public Speaking","FULL_TIME","ONSITE","HIGH_SCHOOL","1"
"https://glints.com/id/opportunities/jobs/73bc55a0-0d84-49ab-9f33-195add9a31e0","Guru Baca Tulis","Education Management","Education & Training","Teacher","MONTH","1000000","5000000","Communication Skills, Teamwork, Public Speaking, Capcut, Canva Design","FULL_TIME","ONSITE","BACHELOR_DEGREE","0"
"https://glints.com/id/opportunities/jobs/63b3138c-ae65-461d-8dda-a47a11de9400","Backend Java","Retail","Backend Development","Backend Developer","MONTH","3728000","5592000","MySQL, Java, Spring Boot","FULL_TIME","ONSITE","HIGH_SCHOOL","1"
"https://glints.com/id/opportunities/jobs/caa28f08-056e-4aec-ae81-b6b163392cc8","Sales Admin – Surabaya","Machinery","Administrative & HR","Administrative Staff","MONTH","3500000","5000000","Customer Service, Microsoft Office, Office Administration, Accurate, Microsoft Excel, Data Entry, Administration, Organizational Skills, Time Management","FULL_TIME","ONSITE","HIGH_SCHOOL","1"
"https://glints.com/id/opportunities/jobs/678a57ad-bb84-471f-9d59-65a7e2b32bc5","Teknisi Mesin Plastik","Plastics","Mechanical Design & Manufacturing","Maintenance Engineer","MONTH","2000000","3500000","Mesin Recycling, Hydraulic System, Preventive Inspection, PLC Dasar, Problem Solving, Electrical Troubleshooting, mesin printing, Mechanical Engineering, Maintenance Mesin, Setting Mesin, Corrective Maintenance, Preventive Maintenance, Mesin Cutting, Panel Listrik, Root Cause Analysis, Extrusion Process, Troubleshooting mesin, Blown Film Machine, pneumatic system, Sparepart Management","FULL_TIME","ONSITE","HIGH_SCHOOL","1"
"https://glints.com/id/opportunities/jobs/e54e149b-2ff9-47c4-8171-893260578832","Sales NOO","Consumer Goods","Business Development & Sales","Sales Representative","MONTH","2000000","3000000","Customer Service, Sales and Marketing, Communication Skills","FULL_TIME","ONSITE","SECONDARY_SCHOOL","0"
"https://glints.com/id/opportunities/jobs/2b977516-53cc-44b0-8029-4a7f8ea14284","Digital Marketing Specialist","Machinery","Marketing","Digital Marketing Specialist","MONTH","5300000","6500000","Marketing Communications, B2B Marketing, Shopee Ads, Event Management, Social Media, Google Analytics, Content Strategy, Digital Marketing, Content Marketing, Google Ads, Meta Ads, Sales and Marketing, TikTok Ads","FULL_TIME","ONSITE","HIGH_SCHOOL","1"
"https://glints.com/id/opportunities/jobs/6d266ea4-a533-4072-8f06-89ac25b48e48","Conten creator","Cosmetics","Marketing","Content Creator","MONTH","2000000","4000000","Content Writing, Content Marketing, Creative Writing","FULL_TIME","ONSITE","HIGH_SCHOOL","0"
"https://glints.com/id/opportunities/jobs/0334cfdc-40f8-4ac1-ac1c-29b7cac61d9b","Asistant Teacher","Primary/Secondary Education","Education & Training","Teacher","MONTH","3000000","4000000","Google Workspace, Lesson Planning, Teaching Primary School","FULL_TIME","ONSITE","BACHELOR_DEGREE","1"
"https://glints.com/id/opportunities/jobs/89aaec84-d358-4e30-aeef-0e622b458ae1","Waiter / Waitress","Restaurants","Services Industry","Waitress & Waiter","MONTH","1000000","2000000","Western Restaurant, Customer Service, Restaurant Reception","FULL_TIME","ONSITE","HIGH_SCHOOL","1"
"https://glints.com/id/opportunities/jobs/f04a1ae1-d87a-4212-a15a-d5702ba2508f","Marketing Area Wifi My Republic Palu","Facilities Services","Marketing","Marketing Professionals","N/A","0","0","Marketing Communications, Social Media, Digital Marketing","FULL_TIME","ONSITE","HIGH_SCHOOL","0"
"https://glints.com/id/opportunities/jobs/b50eba5b-8078-4e5f-8a22-3796d5f9da6a","Direct Sales My Republic Palu","Facilities Services","Business Development & Sales","Sales Representative","N/A","0","0","Salesforce, Sales Strategy, Sales and Marketing","FULL_TIME","ONSITE","HIGH_SCHOOL","0"
"https://glints.com/id/opportunities/jobs/72ede86c-4445-40cf-bba2-f3798d3d60f7","Cashier","Restaurants","Services Industry","Cashier","MONTH","2000000","3000000","Supermarket Cashier, Restaurant Reception, Convenience Store Cashier, Cashier","FULL_TIME","ONSITE","HIGH_SCHOOL","1"
"https://glints.com/id/opportunities/jobs/34c3e5a7-3a75-48b9-bfc6-915252ea2be6","TELECOLLECTION SEMARANG","Outsourcing/Offshoring","Customer Service","Customer Service Representative","MONTH","2500000","3500000","Problem Solving, Communication Skills, Customer Service","FULL_TIME","ONSITE","HIGH_SCHOOL","0"
"https://glints.com/id/opportunities/jobs/18358128-b437-4304-9588-50f96c12e2dc","Direct Sales My Republic Kendari","Facilities Services","Business Development & Sales","Sales Representative","MONTH","3000000","8000000","Customer Service, Sales and Marketing, Communication Skills","FULL_TIME","ONSITE","HIGH_SCHOOL","0"
"https://glints.com/id/opportunities/jobs/55df0dec-1710-44a8-a4d7-ab56b5d0b43e","Tour Planner","Leisure, Travel & Tourism","Travel Services","Travel Agent","N/A","0","0","Travel Sales, Customer Service, Travel Itinerary Planning, Travel Management","FULL_TIME","ONSITE","HIGH_SCHOOL","1"
"https://glints.com/id/opportunities/jobs/67dc62fb-5aa4-4da8-bf58-5e1ca4ad9625","Sales Marketing Admin - Daftar Kuliah Luar Negeri - Batam","N/A","Administrative & HR","Administrative Staff","MONTH","0","5000000","Administration, English Language, Presentation Skills","FULL_TIME","ONSITE","HIGH_SCHOOL","0"
"https://glints.com/id/opportunities/jobs/6995c5f1-68a1-462a-a9bd-dea15bc3d3e4","Sales Representative (B2B)","Machinery","Business Development & Sales","Sales Representative","MONTH","4500000","6500000","Customer Relationship Management, B2B Sales, Sales Management, Social Media, Customer Service, Sales Strategy, Communication Skills","FULL_TIME","HYBRID","HIGH_SCHOOL","3"
"https://glints.com/id/opportunities/jobs/268227c8-bc0a-4e26-a9ac-671fedeb3cb1","SALES MOTORIS","Outsourcing/Offshoring","Business Development & Sales","Sales Operations","N/A","0","0","Sales Strategy, Sales and Marketing, Communication Skills","FULL_TIME","ONSITE","HIGH_SCHOOL","1"
"https://glints.com/id/opportunities/jobs/4ee58679-3b28-402e-a2f0-dbaaf14bc148","Direct Sales My Republic Manado","Facilities Services","Business Development & Sales","Sales Representative","N/A","0","0","Communication Skills, Sales and Marketing, Customer Service","FULL_TIME","ONSITE","HIGH_SCHOOL","1"
"https://glints.com/id/opportunities/jobs/17285e9a-b0bd-42ed-b27d-1d0343b23f45","Telesales","Hospital & Health Care","Business Development & Sales","Telemarketer","MONTH","1500000","2500000","Telesales, Sales and Marketing, Customer Engagement, B2C Sales, Customer Service, Sales Strategy, Customer Relationship Management","FULL_TIME","ONSITE","HIGH_SCHOOL","0"
"https://glints.com/id/opportunities/jobs/a186e7c3-a798-46f1-a7c0-d928a360d62b","Marketing Area Wifi My Republic Manado","Facilities Services","Marketing","Marketing Professionals","N/A","0","0","Social Media, Digital Marketing, Marketing Communications","FULL_TIME","ONSITE","HIGH_SCHOOL","0"
"https://glints.com/id/opportunities/jobs/91b3c5bf-3b12-4b9d-9802-03a0e4eb3bf1","Sales Marketing (Course Consultant ) at CIE English Batam","N/A","Sales Management","Sales Manager","MONTH","4500000","6000000","Presentation Skills, English Language, Sales and Marketing","FULL_TIME","ONSITE","BACHELOR_DEGREE","0"
"https://glints.com/id/opportunities/jobs/462a5105-dfe8-42c4-afaa-9271f7d4bd25","Administrator HR","Outsourcing/Offshoring","Human Resources","Human Resources Specialist & Assistant","MONTH","3000000","5000000","Teamwork, Employee Relations, Human Resource Development (HRD), Google Sheets, Problem Solving, People Development, Time Management, Human Resources Management, Administration, Training Management, Communication Skills, Office Administration, Recruitment, Microsoft Office, Public Speaking, Payroll","CONTRACT","ONSITE","BACHELOR_DEGREE","5"
"https://glints.com/id/opportunities/jobs/c0785930-b573-426f-97b3-c4bbfc688f2c","Senior Personal Bodyguard","Restaurants","Services Industry","Security Guard","MONTH","3000000","4000000","Hotel Security, Office Security, Security Management","FULL_TIME","ONSITE","HIGH_SCHOOL","1"
"https://glints.com/id/opportunities/jobs/a8135ac7-3a7e-4fa8-ba3f-33c82de932a9","Cheff","Restaurants","Services Industry","Chef","MONTH","2000000","3000000","Baking, Cook, Food Decoration","FULL_TIME","ONSITE","SECONDARY_SCHOOL","1"
"https://glints.com/id/opportunities/jobs/e1fdac87-d49c-4db3-8cee-fa9e12ee45a1","Sales Taking Order JAMBI","Retail","Business Development & Sales","Sales Representative","MONTH","3500000","7000000","Customer Service, B2B Sales, Sales and Marketing, Communication Skills, Sales Strategy","FULL_TIME","HYBRID","HIGH_SCHOOL","1"
"https://glints.com/id/opportunities/jobs/036f2778-08cd-4549-8182-eba886eb6475","Petugas Laundry","Consumer Services","Retail","Store Crew","MONTH","2000000","3000000","Customer Service, Store Operations, Cashier","FULL_TIME","ONSITE","HIGH_SCHOOL","1"
"https://glints.com/id/opportunities/jobs/6aa379ec-a863-407e-b7d3-27245b3d964a","Sales Executive","Outsourcing/Offshoring","Business Development & Sales","Sales Representative","N/A","0","0","Communication Skills, Customer Service, Sales and Marketing","FULL_TIME","ONSITE","HIGH_SCHOOL","1"
"https://glints.com/id/opportunities/jobs/c9edc1f0-b2a5-4966-9514-4ec7a25aaf24","HR General Affairs (GA)","Human Resources","Human Resources","Human Resources Specialist & Assistant","N/A","0","0","Human Resource Development (HRD), HR Administration, Communication Skills","FULL_TIME","ONSITE","BACHELOR_DEGREE","1"
"https://glints.com/id/opportunities/jobs/6de11f51-4d08-4805-a961-0a5b3ae4246c","Keamanan","Entertainment","Services Industry","Security Guard","MONTH","1000000","2000000","Satpam, Cekatan, Teamwork, KTA Security, Security Management, Bela Diri, Responsible, Hard Worker","FULL_TIME","ONSITE","HIGH_SCHOOL","1"
"https://glints.com/id/opportunities/jobs/1dae9b78-dea8-4d93-a243-ab95a5efb0df","Helper / Serabutan Bioskop","Entertainment","Retail","Store Crew","MONTH","1000000","2000000","Hard Worker, Positive Attitude, Discipline, Responsible, Teamwork","FULL_TIME","ONSITE","SECONDARY_SCHOOL","0"
"https://glints.com/id/opportunities/jobs/1c06388f-1342-45ac-9134-bb1b06027eb0","RIDER MCD JOMBOR YOGYAKARTA","Logistics and Supply Chain","Supply Chain, Logistics & Transportation","Driver / Motorcycle Courier","MONTH","2600000","3200000","Customer Service, Logistics Distribution, Route Planning, Delivery","FULL_TIME","ONSITE","SECONDARY_SCHOOL","1"
"https://glints.com/id/opportunities/jobs/acd5c176-e43b-49bc-b003-1c2acca76447","Crew Store","Food & Beverages","Retail","Store Crew","N/A","0","0","Store Sales, Cashier, Store Display, Customer Service, Store Operations","FULL_TIME","ONSITE","HIGH_SCHOOL","0"
"https://glints.com/id/opportunities/jobs/6b43bd87-90c2-4943-a081-35d672ecfe03","Marketing Manager","Real Estate","Marketing","Marketing Manager","MONTH","7000000","9000000","Digital Marketing, Marketing Communications, Social Media","FULL_TIME","ONSITE","BACHELOR_DEGREE","3"
"https://glints.com/id/opportunities/jobs/bb99645f-fb7f-416c-b841-56b4d6c6c267","Sales B2G","Outsourcing/Offshoring","Business Development & Sales","Sales Representative","MONTH","3000000","4000000","Communication Skills, Sales and Marketing, Customer Service","FULL_TIME","ONSITE","DIPLOMA","1"
"https://glints.com/id/opportunities/jobs/341a4730-82cf-42b5-b5fd-9b4090fcb92b","Waiter / Waitres","Food & Beverages","Services Industry","Waitress & Waiter","MONTH","2000000","3000000","Restaurant Reception, Customer Service, Western Restaurant","FULL_TIME","ONSITE","HIGH_SCHOOL","1"
"https://glints.com/id/opportunities/jobs/3ce443c6-622d-4e96-82da-1a9ef0e5f091","Marketing Communications Manager","Leisure, Travel & Tourism","Service Sales","Travel Consultant","N/A","0","0","Tourism Product Marketing and Promotion, Travel Sales, Tourism Products, Tourism Route Design, Tourism Product Operation, Tourism Policy","FULL_TIME","ONSITE","HIGH_SCHOOL","1"
"https://glints.com/id/opportunities/jobs/0c5e8d77-0bd1-451d-93ea-0892edd1fae4","Asisten Manager","Food & Beverages","Administrative & HR","Secretary","N/A","0","0","Microsoft Office, Secretarial Skills, Communication Skills, Organizational Skills, Administration, Google Docs, Scheduling, Google Sheets","FULL_TIME","ONSITE","DIPLOMA","1"
"https://glints.com/id/opportunities/jobs/abba990f-18f7-4a52-bd0d-29c80168fe18","SALES MERCHANDISER FOR MT ACCOUNT","Hospitality","Retail","Merchandiser","MONTH","4200000","5500000","Store Display, Store Operations, Microsoft Excel, Merchandising, Production Follow-Up","FULL_TIME","ONSITE","HIGH_SCHOOL","1"
"https://glints.com/id/opportunities/jobs/1724db4a-1f94-45c7-a075-f3c8a935077f","Content Creator & Host Live Streaming","Apparel & Fashion","Marketing","Content Creator","MONTH","3000000","3500000","Live Streaming, Video Editing, TikTok, Content Writing, Content Strategy, Creative Writing, Content Operations, Videography, Content Marketing, Content Editing, Content Planning","FULL_TIME","ONSITE","HIGH_SCHOOL","1"
"https://glints.com/id/opportunities/jobs/a9a36673-cfc4-4f69-8883-74accd6cdee3","Mandarin teacher","Primary/Secondary Education","Education & Training","Teacher","MONTH","1000000","2000000","Customer Service, Teamwork, Communication Skills","PART_TIME","ONSITE","DIPLOMA","1"
"https://glints.com/id/opportunities/jobs/4d0ca9cd-d346-4416-8531-c50e1b3bee3a","KITCHEN","Restaurants","Services Industry","Kitchen Staff","MONTH","1500000","2000000","Kitchen Supporting Design, Cook, Home Cooking, Catering Management","FULL_TIME","ONSITE","HIGH_SCHOOL","1"
"https://glints.com/id/opportunities/jobs/01ae6855-00bc-46c7-97fd-2edc9bf74a0c","SERVER","Restaurants","Services Industry","Waitress & Waiter","MONTH","1500000","2000000","Restaurant Reception, Barbecue Restaurant, Western Restaurant, Chinese Restaurant, Customer Service","FULL_TIME","ONSITE","HIGH_SCHOOL","1"
"https://glints.com/id/opportunities/jobs/60092d46-326e-4765-bd8f-68d0c2180ca7","Host Live Streaming","Marketing and Advertising","Film & Television Media","Host","MONTH","1800000","2700000","Talk Show Host, Host, TV Host","FULL_TIME","ONSITE","HIGH_SCHOOL","0"
"https://glints.com/id/opportunities/jobs/690ac9ee-bb3a-48e6-b0e5-80a0c65c7578","OFFICE BOY","Medical Devices","Services Industry","Cleaner","N/A","0","0","Office Cleaning, Factory Cleaning, Cleaning Service","FULL_TIME","ONSITE","HIGH_SCHOOL","3"
"https://glints.com/id/opportunities/jobs/801d17a8-1005-4c3c-a0a3-920296c79100","Staf Magang HRD","Accounting","Human Resources","Human Resources Specialist & Assistant","MONTH","1380000","2070000","Business Development, AI Systems, Administration, Microsoft Office, Human Resource Development (HRD)","INTERNSHIP","HYBRID","DIPLOMA","0"
"https://glints.com/id/opportunities/jobs/1c2c95b8-8102-4ca7-9baa-319f1069a5b3","BARISTA","Restaurants","Services Industry","Barista","MONTH","1500000","2000000","Coffee Shop, Tea Art, Beverage Shop Supervisor, Latte Art","FULL_TIME","ONSITE","HIGH_SCHOOL","1"
"https://glints.com/id/opportunities/jobs/990787b6-d884-4381-bf37-8fe9ac779ba2","Host Live Streaming Sleepwear Alam Sutera (Start malam jam 6.40)","Apparel & Fashion","Film & Television Media","Host","MONTH","2300000","2900000","Online Marketing, Marketing Communications, Public Speaking","FULL_TIME","ONSITE","HIGH_SCHOOL","0"
"https://glints.com/id/opportunities/jobs/bf3261f9-628f-4d2a-bee5-2ddcd718ff43","Resepsionis Admin Rusunda Duren Sawit","Hospital & Health Care","Administrative & HR","Administrative Staff","MONTH","2500000","2900000","Social Media, Scheduling, Communication Skills, Teamwork, Customer Engagement, Problem Solving, Customer Service, Microsoft Office","FULL_TIME","ONSITE","DIPLOMA","0"
"https://glints.com/id/opportunities/jobs/31828604-4d98-4148-a71c-db20988bd2fa","Cook / helper","Food & Beverages","Services Industry","Kitchen Staff","MONTH","2000000","3000000","Catering Management, Cook, Home Cooking","FULL_TIME","ONSITE","HIGH_SCHOOL","1"
"https://glints.com/id/opportunities/jobs/0891c20b-ea5a-4533-9018-36574957a255","SPG Reguler Mobile","Outsourcing/Offshoring","Business Development & Sales","Sales Operations","N/A","0","0","Sales and Marketing, Communication Skills, Sales Strategy","FULL_TIME","ONSITE","HIGH_SCHOOL","1"
"https://glints.com/id/opportunities/jobs/4b0322eb-3204-4595-84b7-fc53245524e5","Sales Executive","Automotive","Business Development & Sales","Sales Representative","MONTH","2000000","3000000","Customer Service, Communication Skills, Sales and Marketing","PROJECT_BASED","HYBRID","HIGH_SCHOOL","0"
"https://glints.com/id/opportunities/jobs/55e32fd4-c86c-43e4-bcf6-bb24e2fe3969","Sales Executive","Real Estate","Business Development & Sales","Sales Representative","MONTH","2000000","3000000","Sales and Marketing, Communication Skills, Customer Service","FULL_TIME","ONSITE","HIGH_SCHOOL","1"
"https://glints.com/id/opportunities/jobs/a60e6c11-c89c-458a-905f-85b22cda32c2","Store staff","Food & Beverages","Retail","Store Crew","MONTH","1000000","2000000","Store Operations, Customer Service, Cashier","FULL_TIME","ONSITE","HIGH_SCHOOL","0"
"https://glints.com/id/opportunities/jobs/a82d98a6-ac44-4c6b-9bb7-6fc37e93158d","Driver Motor Viar","Printing","Supply Chain, Logistics & Transportation","Logistics Driver","N/A","0","0","Delivery, Logistics Distribution, Driving","FULL_TIME","ONSITE","HIGH_SCHOOL","1"
"https://glints.com/id/opportunities/jobs/6449de4a-6d3f-4a09-8ad2-66aea401464a","Security & Safety Support","Outsourcing/Offshoring","Services Industry","Security Guard","N/A","0","0","Office Security, Hotel Security, Security Management","FULL_TIME","ONSITE","HIGH_SCHOOL","1"
"https://glints.com/id/opportunities/jobs/04cd0304-7e5e-4ed4-b0cd-88746a8556b0","Social Media Internship","Entertainment","Marketing","Social Media Manager","MONTH","1500000","1800000","Social Media, Content Marketing, TikTok, Instagram Marketing, Digital Marketing, Teamwork, AI tools","INTERNSHIP","ONSITE","BACHELOR_DEGREE","0"
"https://glints.com/id/opportunities/jobs/c7c9c8cd-4359-4b3a-9779-179c8da7172e","Customer Service","Printing","Customer Service","Customer Service Representative","N/A","0","0","Customer Support, Customer Relations, Customer Service, Customer Satisfaction","FULL_TIME","ONSITE","HIGH_SCHOOL","0"
"https://glints.com/id/opportunities/jobs/d6b93566-a501-410b-b9d1-56170d71db79","HR Compensation & Benefit (Comben)","Retail","Human Resources","Human Resources Specialist & Assistant","MONTH","3000000","4000000","Google Sheets, Administration, Microsoft Office","FULL_TIME","ONSITE","BACHELOR_DEGREE","1"
"https://glints.com/id/opportunities/jobs/0e9b1b82-93a4-4699-83a4-9ac94ff5b493","Guru IT","Information Technology and Services","Education & Training","Teacher","MONTH","1000000","2000000","Student Counseling, Classroom Management, Lesson Planning, Communication Skills","CONTRACT","ONSITE","DIPLOMA","0"
"https://glints.com/id/opportunities/jobs/12c2f012-e1d2-4974-ba48-791d9158a990","Crew warkop","Restaurants","Retail","Store Crew","MONTH","1000000","2000000","Store Operations, Cashier, Customer Service","FULL_TIME","ONSITE","SECONDARY_SCHOOL","0"
"https://glints.com/id/opportunities/jobs/64778bac-f7fb-480b-87f7-54d80ed2333e","Sales Executive","Outsourcing/Offshoring","Business Development & Sales","Sales Representative","N/A","0","0","Communication Skills, Sales and Marketing, Customer Service","FULL_TIME","ONSITE","HIGH_SCHOOL","1"
"https://glints.com/id/opportunities/jobs/e35c2656-9160-4532-82b8-711467513304","Digital marketing","N/A","Marketing","Digital Marketing Specialist","MONTH","4000000","5000000","Content Strategy, Affiliate Marketing, Content Marketing, Image Editing, Social Media, Marketing Communications, Digital Marketing, Adobe Photoshop, Google Analytics, Google Ads, B2B Marketing","FULL_TIME","ONSITE","BACHELOR_DEGREE","1"
"https://glints.com/id/opportunities/jobs/153b3ebd-71e0-4ee1-87ff-f9f8e203afa3","ASSISTEN RUMAH TANGGA","Outsourcing/Offshoring","Services Industry","Nanny","MONTH","8000000","11000000","Home Cooking, Student Counseling, Home Care","CONTRACT","REMOTE","PRIMARY_SCHOOL","0"
"https://glints.com/id/opportunities/jobs/1cae3ff3-4fd3-47d5-8dda-33a8fe6b51f5","VOLUNTEER Photographer 21-24 Juli","Photography","Film & Television Media","Photographer","MONTH","1000000","","Teamwork, Photography, Photo Editing","CONTRACT","ONSITE","HIGH_SCHOOL","0"
"https://glints.com/id/opportunities/jobs/323560ea-80cc-4667-b19d-8b5e588a82ac","Social Media Relation INTERNSHIP","Photography","Marketing","Social Media Manager","MONTH","2500000","3000000","Motion Graphics, Content Creation, Teamwork","INTERNSHIP","ONSITE","DIPLOMA","0"
"https://glints.com/id/opportunities/jobs/36b0163f-e3f2-4e97-acad-5d1bab6d891b","Sopir sim B1","Events Services","Supply Chain, Logistics & Transportation","Logistics Driver","MONTH","2600000","3250000","Google Maps, Vehicle Maintenance, Sim B1, Teamwork, Logistics Distribution","FULL_TIME","ONSITE","HIGH_SCHOOL","0"
"https://glints.com/id/opportunities/jobs/9d6a84f0-bd9e-4654-a507-bfa93ca510eb","ADMINISTRASI (MARKETING SUPPORT & TENDER)","Events Services","Administrative & HR","Administrative Staff","MONTH","2500000","3000000","Administration, Office Administration, Microsoft Office, Organizational Skills, Google Docs, Microsoft Excel, Google Sheets","FULL_TIME","ONSITE","BACHELOR_DEGREE","1"
"https://glints.com/id/opportunities/jobs/f441824b-12cf-4c05-ad50-734958daa3ce","Graphic Designer INTERNSHIP","Photography","Visual & Interactive Design","Graphic & Brand Designer","MONTH","2500000","3000000","Adobe Lightroom, Adobe Photoshop, Adobe Illustrator","INTERNSHIP","ONSITE","DIPLOMA","0"
"https://glints.com/id/opportunities/jobs/c15da7bc-52f8-421f-9e96-974bd4512dec","WASHI WASH LEADER","Events Services","Retail","Other Retail Positions","MONTH","2800000","3500000","Store Display, Teamwork, Store Sales, Cashier, Microsoft Excel, Store Management, Store Operations, Customer Service, Microsoft Word, Microsoft Office","FULL_TIME","ONSITE","DIPLOMA","1"
"https://glints.com/id/opportunities/jobs/ccc89dea-4ed0-4bbb-9ed6-3bdcfa0e20ee","Sales Bahan Bangunan","Distributor","Business Development & Sales","Sales Operations","MONTH","2400000","3600000","Sales Strategy, Communication Skills, Sales and Marketing","FULL_TIME","ONSITE","HIGH_SCHOOL","1"
"https://glints.com/id/opportunities/jobs/72d08bc4-4888-445b-bbec-ff4af6aed73b","Kasir","Food & Beverages","Services Industry","Cashier","MONTH","1000000","2000000","Convenience Store Cashier, Cashier, Supermarket Cashier","FULL_TIME","ONSITE","HIGH_SCHOOL","0"
"https://glints.com/id/opportunities/jobs/2abbe06b-8588-4268-85ed-5a3a76ca4465","Delivery Lead","Information Technology and Services","Project Management","Scrum Master","MONTH","7000000","15000000","Project Management, Insurance, IT Infrastructure Management, Business Intelligence","CONTRACT","ONSITE","BACHELOR_DEGREE","5"
"https://glints.com/id/opportunities/jobs/297f1528-e6e7-4e8b-99b7-b15f7528f5a3","Admin HR","Printing","Human Resources","Human Resources Specialist & Assistant","N/A","0","0","Human Resource Development (HRD), Google Docs, Microsoft Excel, Human Resources Management, Microsoft Office, Recruitment, People Development, Employee Relations, Google Sheets, HRIS Database Management, Payroll, Teamwork, Training Management, Public Speaking, Onboarding","FULL_TIME","ONSITE","BACHELOR_DEGREE","0"
"https://glints.com/id/opportunities/jobs/4cf1ae90-4491-4249-810a-d31bd94455a8","Finishing","Apparel & Fashion","Manufacturing & Production","Textile Designer","MONTH","1500000","1600000","Pattern Design, Tata Busana, Teliti, Teamwork","FULL_TIME","ONSITE","HIGH_SCHOOL","1"
"https://glints.com/id/opportunities/jobs/82cbd77f-97bb-49c2-91cf-ddbcf5487cbe","Personal Trainer","Health, Wellness and Fitness","Education & Training","Fitness Coach","MONTH","3000000","5000000","Selling, Teamwork, Healthcare, Communication Skills, Fitness, Customer Service","FULL_TIME","ONSITE","HIGH_SCHOOL","0"
"https://glints.com/id/opportunities/jobs/341795af-8d94-46b7-803f-4e2b4ba35fb8","Host Live Dance","Entertainment","Film & Television Media","Host","MONTH","8000000","10000000","Talk Show Host, Host, Basic Dance","FULL_TIME","ONSITE","PRIMARY_SCHOOL","0"
"https://glints.com/id/opportunities/jobs/a702afe0-06be-47cb-9213-057f62e75344","Crew outlet (Menggoreng risol)","Food & Beverages","Retail","Store Crew","MONTH","1000000","2000000","Cook, Customer Service, Store Operations, Cashier, Home Cooking","FULL_TIME","ONSITE","HIGH_SCHOOL","0"
"https://glints.com/id/opportunities/jobs/3e4d471d-4f2a-470f-8b98-5c857721e20d","Digital Campaign Strategist Manager","Marketing and Advertising","Marketing","Digital Marketing Specialist","MONTH","10000000","14000000","Digital Marketing, Google Analytics, Marketing Communications, Social Media, B2B Marketing, Content Strategy, Google Ads, Content Marketing","FULL_TIME","ONSITE","BACHELOR_DEGREE","5"
"https://glints.com/id/opportunities/jobs/1702e39c-9f45-4bfd-890a-6dce20264137","Personal Asisten","Retail","Administrative & HR","Secretary","MONTH","5000000","5500000","Microsoft Office, Secretarial Skills, Administration, Scheduling, Communication Skills","FULL_TIME","ONSITE","BACHELOR_DEGREE","0"
"https://glints.com/id/opportunities/jobs/feca6487-ef53-435f-83d0-be129864f5cd","Guest Relations Officer","Food & Beverages","Customer Service","Customer Service Representative","MONTH","4000000","6000000","Customer Relationship Management, Public Services, Client Relations","CONTRACT","ONSITE","HIGH_SCHOOL","1"
"https://glints.com/id/opportunities/jobs/6a148def-3753-4320-979a-2437786b58c1","Sales otomotif kendaraan wuling","Automotive","Car Sales","Car Sales","MONTH","3000000","5000000","Customer Service, Sales Strategy, Sales and Marketing, B2C Sales, Negotiation Skills, Marketing Communications, Communicative","FULL_TIME","ONSITE","HIGH_SCHOOL","1"
"https://glints.com/id/opportunities/jobs/3ba0a2f9-4e23-4ef2-8443-29360cd07bc8","Freelance IT Support - PADANG","Information Technology and Services","Computer & Software","IT Support","MONTH","2000000","3000000","Technical Support, IT Support, Install Device","PROJECT_BASED","HYBRID","HIGH_SCHOOL","1"
"https://glints.com/id/opportunities/jobs/5cf27958-880d-47a8-b9ad-65588801600c","Customer Experience  Officer","Automotive","Customer Service","Customer Service Representative","N/A","0","0","Standard Mandarin, English Customer Service, Hospitality Management, Customer Relationship Management","FULL_TIME","ONSITE","BACHELOR_DEGREE","1"
"https://glints.com/id/opportunities/jobs/cdb643b2-cd57-4096-9c2b-a6816fb091ca","Marketing Social Media Specialist","Automotive","Marketing","Marketing Professionals","MONTH","2500000","","Content Strategy, Digital Marketing, Content Marketing, B2B Marketing, Marketing Communications, Social Media, Market Research, Marketing Strategy, Google Analytics","FULL_TIME","ONSITE","HIGH_SCHOOL","1"
"https://glints.com/id/opportunities/jobs/61ca8fc6-0e7f-4090-9dc0-bd2a8a51fdd6","staff toko/staff repack","Retail","Retail","Store Crew","MONTH","2800000","3300000","Store Sales, Customer Service, Cashier, Store Operations, Store Display","FULL_TIME","ONSITE","HIGH_SCHOOL","0"
"https://glints.com/id/opportunities/jobs/be983bc3-96c8-44ed-8aa9-86084b99b37f","Architect & Design Product","Automotive","Building & Real Estate","Architect","MONTH","4000000","7000000","Architectural Design, Rendering, AutoCAD, SketchUp","FULL_TIME","ONSITE","BACHELOR_DEGREE","0"
"https://glints.com/id/opportunities/jobs/c69ac406-5c13-4852-80a6-10ce8bf74a5c","Marketing","Automotive","Marketing","Marketing Professionals","MONTH","2500000","","Content Marketing, Google Analytics, Marketing Strategy, B2B Marketing, Digital Marketing, Google Ads, Marketing Communications, Content Strategy, Market Research, Social Media","FULL_TIME","ONSITE","HIGH_SCHOOL","1"
"https://glints.com/id/opportunities/jobs/bfa108d4-f51d-4d8a-9a4d-85f398a19757","Car Mechanic","Automotive","Manufacturing & Production","Mechanic","MONTH","3500000","5000000","Car Repair, Mechanical Equipment, Mechanical Maintenance","FULL_TIME","ONSITE","DIPLOMA","1"
"https://glints.com/id/opportunities/jobs/89b03914-8fcd-4809-9fa1-de3fcd359ffd","Administration Supervisor","Sports","Administrative & HR","Administrative Manager","MONTH","5000000","6000000","Operations Management, Data Analysis, Business Process Optimization","FULL_TIME","ONSITE","BACHELOR_DEGREE","1"
"https://glints.com/id/opportunities/jobs/219626e4-1024-496a-8512-861790680e02","Admin Finance & Accounting","Printing","Accounting","Accountant","N/A","0","0","Mictosoft Office, MYOB, Bookkeeping, Financial Analysis, Zahir Software, Accounts Payable, Spreadsheet, Accounting, Data Entry, Tax Accounting, accurate, Income Tax, Accounts Receivable","FULL_TIME","ONSITE","HIGH_SCHOOL","0"
"https://glints.com/id/opportunities/jobs/0786cee3-9192-44db-aae9-a79d40eef33e","Corporate Secretary Staff","Management Consulting","Leadership & Senior Management","Board Secretary","MONTH","6000000","7000000","Incorporation, English Language, Corporate Legal, Corporate Law, Company Set Up, Legal Drafting","FULL_TIME","ONSITE","BACHELOR_DEGREE","1"
"https://glints.com/id/opportunities/jobs/ff3a5db5-3b95-4f3a-b154-8e3023288586","Administrasi Gudang","Public Safety","Storage","Warehouse Clerk","MONTH","3500000","4500000","Procurement, Inventory Management, Supply Chain Management, Logistics Management, Warehouse Management","FULL_TIME","ONSITE","HIGH_SCHOOL","1"
"https://glints.com/id/opportunities/jobs/3218dacd-5643-4451-9397-95df8d609421","Junior Business Analyst Consultant (ERP System)","Computer Software","Product Management","Business Analyst","MONTH","100000","350000","Requirements Analysis, ERP Software, Quality Assurance, Odoo, Accounting","FULL_TIME","HYBRID","HIGH_SCHOOL","1"
"https://glints.com/id/opportunities/jobs/028555cc-7844-428c-8919-a2324afd5953","Project Manager Digital Marketing","Marketing and Advertising","Marketing","Digital Marketing Specialist","MONTH","5000000","10000000","Google Ads, Digital Marketing, Marketing Strategy, Project Manager Digital Marketing","FULL_TIME","ONSITE","DIPLOMA","1"
"https://glints.com/id/opportunities/jobs/9126b882-cff2-447e-847b-a5d79c901209","Business Analyst","Information Technology and Services","Product Management","Business Analyst","MONTH","7000000","12000000","Requirements Analysis, Data Analysis, Project Management","CONTRACT","ONSITE","BACHELOR_DEGREE","5"
"https://glints.com/id/opportunities/jobs/e808cc69-dc68-4250-9580-e0501129d414","HR Recruitment Agency Tiktok","Entertainment","Human Resources","Human Resources Specialist & Assistant","MONTH","3000000","4000000","Recruitment, Live Streaming, Sales and Marketing","FULL_TIME","ONSITE","HIGH_SCHOOL","1"
"https://glints.com/id/opportunities/jobs/4e6924be-fbcd-4365-a5e5-2d5d0e14ea77","Host Live Chitchat","Entertainment","Film & Television Media","Host","MONTH","5000000","6000000","Talk Show Host, Host, percaya diri di depan kamera","FULL_TIME","ONSITE","PRIMARY_SCHOOL","0"
"https://glints.com/id/opportunities/jobs/77ca3f3c-e5d1-4cd1-a2f1-835c26f3ee15","Host Live NPC","Entertainment","Film & Television Media","Host","MONTH","5000000","6000000","Talk Show Host, percaya diri di depan kamera, Host","FULL_TIME","ONSITE","PRIMARY_SCHOOL","0"
"https://glints.com/id/opportunities/jobs/f1d76d3a-f703-42ee-b740-5b6d1026c55e","Host Live Dance","Entertainment","Film & Television Media","Host","MONTH","8000000","10000000","Basic Dance, Talk Show Host, Host","FULL_TIME","ONSITE","PRIMARY_SCHOOL","0"
"https://glints.com/id/opportunities/jobs/66ef3a03-405b-477e-8ffd-723b5cb3d516","Freelance IT Support - PEKANBARU","Information Technology and Services","Computer & Software","IT Support","MONTH","2000000","3000000","Technical Support, IT Support, Install Device","PROJECT_BASED","HYBRID","HIGH_SCHOOL","1"
"https://glints.com/id/opportunities/jobs/c4bb1e5e-02e1-477f-adbe-213010cbcf18","Senior Multiskill Beautician (Nail / Eyelash / Eyebrow / Hair)","Health, Wellness and Fitness","Services Industry","Beautician","MONTH","3500000","5000000","Nail Extension, Eyebrow Shaping & Grooming, Lash Removal, Nail Art, Nail Removal & Soak Off, Eyelash Extension, Eyelash Lift & Tint, 3d Nail Art, Manicure & Pedicure","FULL_TIME","ONSITE","HIGH_SCHOOL","1"
"https://glints.com/id/opportunities/jobs/3faac731-c3ef-419f-b282-49dc1f8616aa","Management Trainee - Financial Advisor (PRUVenture)","Insurance","Business Development & Sales","Financial Consultant","MONTH","6000000","10000000","Communication Skills, Business Development, Financial Planning, Relationship Management, Leadership","FULL_TIME","HYBRID","DIPLOMA","3"
"https://glints.com/id/opportunities/jobs/298fed21-82bc-4013-aceb-af35f82f7ea3","Freelance IT Support - JAYAPURA","Information Technology and Services","Computer & Software","IT Support","MONTH","3000000","3500000","Technical Support, IT Support, Install Device","PROJECT_BASED","HYBRID","HIGH_SCHOOL","1"
"https://glints.com/id/opportunities/jobs/52636e74-4a0e-4c65-a702-46f2a7a563a4","Asisten Rumah Tangga","Farming","Services Industry","Nanny","MONTH","1600000","1800000","Merawat Anak, mengendarai motor, Home Care","FULL_TIME","REMOTE","SECONDARY_SCHOOL","1"
"https://glints.com/id/opportunities/jobs/53f370e1-5238-4699-992a-fa9c5a2db0a7","KITCHEN CREW SURABAYA","Food & Beverages","Services Industry","Kitchen Staff","MONTH","2000000","2200000","Time Management, Teamwork, Cook","FULL_TIME","ONSITE","HIGH_SCHOOL","0"
"https://glints.com/id/opportunities/jobs/3b663dfa-5566-4ad8-adcb-34a45d8548bb","Director Food & Beverage (Domisili Bali)","Hospitality","Product Management","Product Director","N/A","0","0","Product Design, Customer Service, Leadership, Teamwork, Communication, English Language","FULL_TIME","ONSITE","BACHELOR_DEGREE","3"
"https://glints.com/id/opportunities/jobs/a5380a82-0dac-44ef-8d39-1c6627aede24","Data Scientist","Information Technology and Services","Computer & Software","Data Scientist","MONTH","1000000","1000001","Data Modeling, Problem Solving, Machine Learning","FULL_TIME","HYBRID","BACHELOR_DEGREE","3"
"https://glints.com/id/opportunities/jobs/5a3af4de-f2e5-4509-99c0-76c76465205a","Marketing Agen","Automotive","Marketing","Marketing Professionals","MONTH","2000000","3000000","Marketing Communications, Marketing Strategy, Sales and Marketing","FULL_TIME","ONSITE","SECONDARY_SCHOOL","0"
"https://glints.com/id/opportunities/jobs/a3408ca2-24d8-4437-9ca5-7e3dfee8417a","Freelance IT Support - YOGYAKARTA","Information Technology and Services","Computer & Software","IT Support","MONTH","2000000","3000000","Install Device, Technical Support, IT Support","PROJECT_BASED","HYBRID","HIGH_SCHOOL","1"
"https://glints.com/id/opportunities/jobs/a4834429-6b9b-4ada-a745-d2734896f5ec","Sous Chef","Food Production","Services Industry","Chef","MONTH","4000000","6000000","Baking, Food Decoration, Cook","FULL_TIME","ONSITE","HIGH_SCHOOL","5"
"https://glints.com/id/opportunities/jobs/4f9433e5-922e-49f4-bffa-ad1d31f47db2","Accounting Tax Intern","Events Services","Accounting","Tax Accountant","MONTH","1500000","2500000","Coretex, Accounting, Financial Analysis, Tax Reporting, Zahir Software, Tax Planning, Microsoft Excel, SAP, Tax Accounting","INTERNSHIP","ONSITE","DIPLOMA","0"
"https://glints.com/id/opportunities/jobs/565632a2-db92-49ca-a876-160c2724a05a","DIGITAL MARKETING","Import and Export","Marketing","Digital Marketing Specialist","N/A","0","0","Social Media, Content Marketing, B2B Marketing, Google Analytics, Affiliate Marketing, Marketing Communications, Digital Marketing, Image Editing, Google Ads, Content Strategy","FULL_TIME","ONSITE","BACHELOR_DEGREE","1"
"https://glints.com/id/opportunities/jobs/b42a007c-5546-4805-807c-8114240466e2","Business Development PRUVenture","Financial Services","Business Development & Sales","Business Development Executive","MONTH","6000000","10000000","New Business Development, Business Strategy, Business Analysis, Business Development, Sales and Marketing, Salesforce","FULL_TIME","HYBRID","BACHELOR_DEGREE","3"
"https://glints.com/id/opportunities/jobs/dcfeaf25-3a38-4073-8607-01d9394afb6a","Creative Group Head","Marketing and Advertising","Advertising & Public Relations","Creative Director","MONTH","10000000","15000000","Creative Thinking, Creative Strategy, Teamwork, Content Strategy, Public Speaking, Design Strategy","FULL_TIME","ONSITE","DIPLOMA","3"
"https://glints.com/id/opportunities/jobs/58975405-f09e-4685-9481-b72de6125252","DOG GROOMER & STYLING ✂️✨","Retail","Services Industry","Pet Groomer","MONTH","4000000","5000000","Hairdressing Training, Hairstylist, Haircut","FULL_TIME","ONSITE","HIGH_SCHOOL","1"
"https://glints.com/id/opportunities/jobs/2314aadc-300d-4692-b52d-bfd51bbe28dd","Freelance IT Support - Jakarta","Information Technology and Services","Computer & Software","IT Support","MONTH","2000000","3000000","Technical Support, Install Device, IT Support","PROJECT_BASED","HYBRID","HIGH_SCHOOL","1"
"https://glints.com/id/opportunities/jobs/7311b5bf-d33c-48c9-b642-30c0ee518e67","Nailist","Consumer Services","Services Industry","Nail/Eyelash Artist","MONTH","2000000","4000000","Nail Art, Eyelash Extension, Beauty Treatments","FULL_TIME","ONSITE","HIGH_SCHOOL","1"
"https://glints.com/id/opportunities/jobs/ef784f12-cd90-40d4-84f1-2cdb95c4c849","FORMULATOR KOSMETIK NATURAL (R&D)","Cosmetics","Chemical Industry","Cosmetics R&D (Research and Development)","MONTH","3000000","6000000","Laboratory Skills, Qualitative Research, Teamwork, Chemical Analysis, Research and Development (R&D), Formulasi Kosmetik Natural","FULL_TIME","ONSITE","DIPLOMA","3"
"https://glints.com/id/opportunities/jobs/e18d4753-7e3c-469f-93e3-3e89e9a631b2","Admin Support Sales Marketing","Apparel & Fashion","Marketing","Sales Marketing","MONTH","2500000","2800000","Administration, Microsoft Excel, Teamwork, Spreadsheet, Attention to Detail, Communication Skills, Microsoft Office","FULL_TIME","ONSITE","HIGH_SCHOOL","0"
"https://glints.com/id/opportunities/jobs/8a4bb995-50b9-4b9d-b300-0775c5bab548","Admin Finance & Media Support","Consumer Services","Banking","Finance Admin","PROJECT","50000","500000","Corporate Finance, Administration, Office Administration","FULL_TIME","ONSITE","HIGH_SCHOOL","0"
"https://glints.com/id/opportunities/jobs/a8dd3547-6f1a-4548-b793-01432fdf6166","Internship Marketing and Sales","Insurance","Marketing","Sales Marketing","MONTH","1000000","2000000","Sales and Marketing, Sales Strategy, Sales Management","INTERNSHIP","HYBRID","HIGH_SCHOOL","0"
"https://glints.com/id/opportunities/jobs/ae7e7f25-25e8-4493-90c3-8a625e3b8159","Metal Shaper","Automotive","Manufacturing & Production","Production Worker","MONTH","3750000","4000000","Pembuatan Mal , Pembentukan Alumunium, Metal Materials","FULL_TIME","ONSITE","HIGH_SCHOOL","0"
"https://glints.com/id/opportunities/jobs/37048578-ca34-44a9-bfb4-1e0d05747588","Sales Assistant (Bali)","Retail","Business Development & Sales","Sales Assistant","MONTH","3000000","4000000","Sales Operations, B2C Sales, Sales Planning, Telesales, B2B Sales, Sales and Marketing, Sales Strategy, Sales Analysis, Sales Management, Communication Skills","FULL_TIME","ONSITE","HIGH_SCHOOL","1"
"https://glints.com/id/opportunities/jobs/24bfdf24-851e-4e19-8667-fd70bb23ab93","Restaurant Manager","Consumer Services","Services Industry","Restaurant Manager","MONTH","10000000","","Leadership, Restaurant Management, Chinese Restaurant","CONTRACT","ONSITE","HIGH_SCHOOL","3"
"https://glints.com/id/opportunities/jobs/7387fccd-ba51-4fd7-9666-191dd773d3da","Staf Gudang","Consumer Services","Storage","Warehouse Clerk","MONTH","2000000","3000000","Inventory Management, Stock Opname, Warehouse Management, Store Operations, Logistics Management","FULL_TIME","ONSITE","BACHELOR_DEGREE","1"
"https://glints.com/id/opportunities/jobs/8e91833b-856f-42a3-8673-39fbd896e8d4","Supervisor Toko","Consumer Services","Retail","Store Supervisor","MONTH","0","300000","Store Management, Store Operations, Store Sales","FULL_TIME","ONSITE","HIGH_SCHOOL","1"
"https://glints.com/id/opportunities/jobs/5802d7dc-e54d-4f20-8bfe-50dca323cafd","CEO Trainee","Local Trading","Vocational Training","Trainer","MONTH","1000000","2000000","Training, Leadership, Communication Skills, Teaching","INTERNSHIP","REMOTE","DIPLOMA","0"
"https://glints.com/id/opportunities/jobs/a3509250-e81d-4c8a-a409-aa47728ecbfb","Marketing Area Wifi My Republic Kendari","Facilities Services","Marketing","Marketing Professionals","N/A","0","0","Social Media, Marketing Communications, Digital Marketing","FULL_TIME","ONSITE","HIGH_SCHOOL","1"
"https://glints.com/id/opportunities/jobs/5876441d-0fe3-482e-99cd-f5eefe4522e4","Kepala Gudang","Packaging and Containers","Storage","Warehouse Coordinator","MONTH","4000000","5000000","Logistics Management, Stock Opname, Warehouse Management","FULL_TIME","ONSITE","HIGH_SCHOOL","3"
"https://glints.com/id/opportunities/jobs/fd111f9c-dd27-46df-9f31-65bb97a47851","hairstylist","Hospitality","Services Industry","Hair Stylist","MONTH","3000000","","Makeup, Haircut, Beauty Treatments","FULL_TIME","ONSITE","HIGH_SCHOOL","1"
"https://glints.com/id/opportunities/jobs/be5fbae6-e2dc-49d1-98b9-f2b215245a00","Sales Canvasser (QRIS Soundbox)","Facilities Services","Business Development & Sales","Sales Representative","MONTH","4900000","5300000","Sales Strategy, Sales and Marketing, Communication Skills, B2B Sales","FULL_TIME","ONSITE","HIGH_SCHOOL","1"
"https://glints.com/id/opportunities/jobs/f029839a-53f8-475e-a6a6-455616e01675","Sales otomotif kendaraan wuling","Automotive","Car Sales","Car Sales","MONTH","3000000","5000000","B2C Sales, Sales and Marketing, Communicative, Marketing Communications, Sales Strategy, Negotiation Skills, Customer Service","FULL_TIME","ONSITE","HIGH_SCHOOL","1"
"https://glints.com/id/opportunities/jobs/2b12bd89-0f3c-4b52-b84f-d84d0f0238be","Admin Produksi","Packaging and Containers","Manufacturing & Production","Production Planning Manager","MONTH","3000000","4000000","Mathematics, Microsoft Excel, Communication Skills, Problem Solving, Product Design, Planning & Scheduling","FULL_TIME","ONSITE","HIGH_SCHOOL","1"
"https://glints.com/id/opportunities/jobs/54063463-2ed7-42fa-b4fc-d13d550955d1","Cook","Food & Beverages","Services Industry","Kitchen Staff","MONTH","2000000","3000000","Catering Management, Cook, Home Cooking","FULL_TIME","ONSITE","HIGH_SCHOOL","1"
"https://glints.com/id/opportunities/jobs/1e1335d6-86fd-4203-ad57-e02465778675","Patern Maker","Apparel & Fashion","Manufacturing & Production","Patternmaker","MONTH","5000000","7000000","Sewing, Ukur Badan, Pattern Making","FULL_TIME","ONSITE","HIGH_SCHOOL","5"
"https://glints.com/id/opportunities/jobs/02cb66df-8008-4bfd-a719-d24d8d9c4677","Area Manager Kitchen","Food & Beverages","Services Industry","Kitchen Manager","MONTH","6000000","8000000","Cook, Food Decoration, Teamwork","FULL_TIME","ONSITE","DIPLOMA","5"
"https://glints.com/id/opportunities/jobs/bad534c1-b79e-4b61-9852-b85e472c1a3b","Office Boy/Girl","Health, Wellness and Fitness","Services Industry","Cleaner","MONTH","1000000","2000000","Cleaning Service, Office Cleaning, Hotel Cleaning","FULL_TIME","ONSITE","HIGH_SCHOOL","1"
"https://glints.com/id/opportunities/jobs/31a43fa2-70c2-4839-bb5b-e0725c1fd0f3","Sopir Taxi Bandara dan Rental Bluebird Bintaro","Transportation/Trucking/Railroad","Supply Chain, Logistics & Transportation","Taxi Driver","MONTH","1100000","2500000","Customer Service, Driving, Google Maps","PART_TIME","ONSITE","PRIMARY_SCHOOL","0"
"https://glints.com/id/opportunities/jobs/7baf1e3e-f608-4320-abc3-2d54e09206dd","Sopir Taxi Bandara dan Rental Bluebird Bintaro","Transportation/Trucking/Railroad","Supply Chain, Logistics & Transportation","Taxi Driver","MONTH","3800000","5120000","Customer Service, Driving, Google Maps","PART_TIME","ONSITE","PRIMARY_SCHOOL","0"
"https://glints.com/id/opportunities/jobs/e65e15cb-b530-49f5-b2f7-27ed5b31b129","Collection Officer","Banking","Accounting","Field Collector","MONTH","4000000","5000000","Administration, Communication Skills, Sales and Marketing, Teamwork","FULL_TIME","HYBRID","HIGH_SCHOOL","0"
"https://glints.com/id/opportunities/jobs/66cc9cca-73dc-4baf-9062-fbc41e3ffba2","Butcher","Food & Beverages","Services Industry","Kitchen Staff","N/A","0","0","Cook, Memotong Daging Karkas, Teamwork, Butcher","FULL_TIME","ONSITE","HIGH_SCHOOL","1"
"https://glints.com/id/opportunities/jobs/3bd10c28-d7de-40f8-a7b0-b45fea437aed","Waitress (Domisili Bali)","Restaurants","Services Industry","Waitress & Waiter","MONTH","3000000","5000000","Steward, Customer Service, Communication, Teamwork","FULL_TIME","ONSITE","HIGH_SCHOOL","1"
"https://glints.com/id/opportunities/jobs/07d82b97-f890-4617-ad51-b253a96c1c27","Account Manager","Information Technology and Services","Business Development & Sales","Account Manager","MONTH","6000000","9000000","Account Management, Key Account Management, Sales and Marketing, Sales Strategy, B2B Sales, Client Services, Customer Relationship Management","CONTRACT","HYBRID","BACHELOR_DEGREE","3"
"https://glints.com/id/opportunities/jobs/27f0536b-3e43-4fab-872e-2f6b334a1d0b","Florist","Retail","Wedding & Flower Art","Florist","MONTH","2000000","3000000","Content Creation, Customer Service, Florist, Teamwork, Attention to Detail, Communication Skills","FULL_TIME","ONSITE","HIGH_SCHOOL","1"
"https://glints.com/id/opportunities/jobs/839e408b-9bed-40ae-8681-33c882210522","Helper Kanvas","Consumer Services","Storage","Warehouse Clerk","N/A","0","0","Logistics Management, Inventory Management, Stock Opname, Store Operations, Warehouse Management","FULL_TIME","ONSITE","HIGH_SCHOOL","1"
"https://glints.com/id/opportunities/jobs/2056cf2f-038f-4e31-b7a1-7270dc4507c0","Kurir & Driver Sidoarjo Raya","Logistics and Supply Chain","Supply Chain, Logistics & Transportation","Driver / Motorcycle Courier","MONTH","2000000","3000000","Customer Service, Delivery, Logistics Distribution","FULL_TIME","ONSITE","SECONDARY_SCHOOL","0"
"https://glints.com/id/opportunities/jobs/ec309be2-5298-4e24-be7d-494b18aaf225","Crew Outlet F&B (Yogyakarta)","Restaurants","Retail","Store Crew","MONTH","1800000","2100000","Customer Service, Teamwork, Communication Skills","FULL_TIME","ONSITE","HIGH_SCHOOL","0"
"https://glints.com/id/opportunities/jobs/a113b134-5e6a-4ff8-a020-cf7c8783a32a","Mekanik Motor","Consumer Services","Manufacturing & Production","Mechanic","N/A","0","0","Equipment Maintenance, Preventive Maintenance, Mechanical Maintenance, Maintenance Engineering","FULL_TIME","ONSITE","HIGH_SCHOOL","1"
"https://glints.com/id/opportunities/jobs/6b64b187-996a-4a2a-b37c-276ac1b5c9ef","Crew store","Food & Beverages","Retail","Store Crew","MONTH","1000000","2000000","Store Operations, Customer Service, Cashier","FULL_TIME","ONSITE","HIGH_SCHOOL","0"
"https://glints.com/id/opportunities/jobs/41438e2a-66d8-49f5-8579-f8be41f2bdef","Associate (Tax/Accounting)","Law Practice","Accounting","Tax Accountant","MONTH","4000000","6000000","Tax Planning, Coretax, Accurate, Microsoft Excel, Tax Accounting, Tax Reporting","FULL_TIME","ONSITE","BACHELOR_DEGREE","3"
"https://glints.com/id/opportunities/jobs/a384ab11-ad99-40d8-bc4b-7c04f43a9294","Master Teacher Kimia Brain Academy - Magelang (Diponegoro)","Education Management","Education & Training","Teacher","N/A","0","0","English Language, Teaching High School Science, Teaching High School Social, Teamwork, Science, Language Teaching","FULL_TIME","ONSITE","BACHELOR_DEGREE","0"
"https://glints.com/id/opportunities/jobs/3d35b661-96f6-4a0b-bf37-47d4906ef8b5","Customer Service & Sales","Arts and Crafts","Customer Service","Customer Service Representative","N/A","0","0","Administration, Microsoft Office, Customer Service, Microsoft Excel","FULL_TIME","ONSITE","HIGH_SCHOOL","1"
"https://glints.com/id/opportunities/jobs/31b9bfec-933f-4bfc-b4fd-7807efb05484","admin stock","Facilities Services","Administrative & HR","Administrative Staff","MONTH","2500000","3500000","Data Entry, Administration, Logic Analyzer, Mathematics","FULL_TIME","ONSITE","HIGH_SCHOOL","1"
"https://glints.com/id/opportunities/jobs/9cc8ab17-950e-4f55-a8c6-ceef4961b4c0","staf  counter bioskop","Online Media","Travel Services","Ticketing Staff","N/A","0","0","Social Media, Customer Service, Airline Ticketing, Office Administration, Administration, Communication Skills, Communication, Microsoft Office, Ticket Management, Public Speaking, Time Management","CONTRACT","ONSITE","HIGH_SCHOOL","0"
"https://glints.com/id/opportunities/jobs/ede68c4d-84ce-48c9-87aa-68f5d094f0e7","Host Live","Retail","Film & Television Media","Host","MONTH","4000000","6000000","Radio Host, Host, Talk Show Host, TV Host","FULL_TIME","ONSITE","HIGH_SCHOOL","1"
"https://glints.com/id/opportunities/jobs/4131cc3a-4214-4836-be39-24cef3f169e2","admin stock","Facilities Services","Administrative & HR","Administrative Staff","MONTH","2500000","3500000","Mathematics, Data Entry, Administration","FULL_TIME","ONSITE","HIGH_SCHOOL","1"
"https://glints.com/id/opportunities/jobs/2053c57c-0494-4869-ae95-2a454d65594d","Android Developer (Banking Industry - ASAP)","Information Technology and Services","Computer & Software","Android Developer","MONTH","8500000","9000000","React Native, MVVM, Android Development, Android Jetpack, Kotlin","CONTRACT","ONSITE","BACHELOR_DEGREE","3"
"https://glints.com/id/opportunities/jobs/c215aad0-10f1-4c53-8320-d2affdbc822b","GURU LES MANDARIN SD","Education Management","Education & Training","Teacher","MONTH","2000000","4000000","Standard Mandarin, Chinese-English Translation, Chinese Language","PROJECT_BASED","ONSITE","DIPLOMA","0"
"https://glints.com/id/opportunities/jobs/da5e1bd2-4196-4708-93c2-fc696258bc48","Staf PPIC","Logistics and Supply Chain","Supply Chain, Logistics & Transportation","Logistics Operations","MONTH","4000000","4700000","Machine Operator, Teamwork, Preventive Maintenance","FULL_TIME","ONSITE","HIGH_SCHOOL","0"
"https://glints.com/id/opportunities/jobs/eb8df9f0-29c2-4cc9-a7c9-8f214514c680","Manager Keuangan","Financial Services","Accounting","Finance Manager","MONTH","2000000","4000000","Microsoft Excel, Accounting, SAP","FULL_TIME","ONSITE","BACHELOR_DEGREE","3"
"https://glints.com/id/opportunities/jobs/75a947f9-5af7-467b-a7a3-20a77e5af009","Purchasing","Industrial Automation","Purchase (Procurement)","Buyer","MONTH","2000000","2500000","Telecommunications, Microsoft Office, Teamwork","FULL_TIME","ONSITE","HIGH_SCHOOL","1"
"https://glints.com/id/opportunities/jobs/12295214-d769-4d4b-b042-406d1490e5df","MSO TENDER","Industrial Automation","Marketing","Marketing Professionals","MONTH","2400000","3600000","Digital Marketing, Social Media, Marketing Strategy","FULL_TIME","ONSITE","HIGH_SCHOOL","1"
"https://glints.com/id/opportunities/jobs/1fa41515-d625-4136-9ef0-5bfd26bcd7f7","Monthly Actual Reporting/Financial Statement","Facilities Services","Accounting","Accounting Admin","MONTH","10000000","12000000","Profit & Loss Balance Sheet, SAP, IFRS, Production Sharing Contract Accounting, Accounting, Administration","CONTRACT","ONSITE","BACHELOR_DEGREE","3"
"https://glints.com/id/opportunities/jobs/1aab547d-f931-4a0b-863a-126e99ac17d0","Petugas Kebersihan / Cleaning Service","Consumer Services","Services Industry","Cleaner","MONTH","1300000","1500000","Factory Cleaning, Office Cleaning, Cleaning Service","FULL_TIME","ONSITE","SECONDARY_SCHOOL","0"
"https://glints.com/id/opportunities/jobs/4b1d4051-000e-49fa-90ec-56f4e3f407f8","Kurir Pengiriman","Individual & Family Services","Supply Chain, Logistics & Transportation","Driver / Motorcycle Courier","MONTH","2000000","3000000","Communication, Customer Service, Driving, Delivery, Route Planning, Logistics Distribution, Teamwork","FULL_TIME","ONSITE","HIGH_SCHOOL","0"
"https://glints.com/id/opportunities/jobs/13bd5c59-8e5a-4de5-974d-dbf98dec48e2","TUKANG CUCI LAUNDRY","Individual & Family Services","Services Industry","Cleaner","MONTH","1000000","1500000","laundry, Washing Clothes, Cleaning Service, Time Management, Teamwork","FULL_TIME","ONSITE","HIGH_SCHOOL","1"
"https://glints.com/id/opportunities/jobs/133a56cf-3f3f-4999-83a1-bf05fef6690c","Office Boy","Individual & Family Services","Services Industry","Cleaner","MONTH","1000000","2000000","Office Cleaning, Hotel Cleaning, Cleaning Service","FULL_TIME","ONSITE","HIGH_SCHOOL","1"
"https://glints.com/id/opportunities/jobs/b3319647-beae-4c5e-8560-b176ae6d31b6","Customer Experience Manager","Distributor","Customer Service","Customer Service Manager","N/A","0","0","Business Negotiation, Sales Management, English Language, Marketing Communications, Sales and Marketing, Customer Relationship Management, Business Strategy, Customer Service, Sales Strategy, Business Development, Problem Solving, Administration","FULL_TIME","HYBRID","BACHELOR_DEGREE","0"
"https://glints.com/id/opportunities/jobs/a79d291c-cbec-4150-9a72-824f41b046c0","Proforma/Budget Reporting/Financial Statement","Facilities Services","Banking","Finance Admin","MONTH","15000000","18000000","Corporate Finance, SAP, Profit & Loss Balance Sheet, IFRS, Oil and Gas, Production Sharing Contract Accounting","CONTRACT","ONSITE","BACHELOR_DEGREE","3"
"https://glints.com/id/opportunities/jobs/cf214746-0f0c-4b69-9616-c23e57bb26b9","Office Boy/Girl","Retail","Technician & General Worker","General Worker","MONTH","1000000","2000000","Customer Support, Hygiene Management, Communication","PART_TIME","ONSITE","PRIMARY_SCHOOL","1"
"https://glints.com/id/opportunities/jobs/d2ea35b2-2d60-4c6d-a59a-f8c449ea842e","Junior  Tax Consultant","Accounting","Accounting","Tax Accountant","N/A","0","0","SAP, English Language, MYOB, Microsoft Excel, Zahir Software, Accounting, Financial Analysis, Tax Accounting, Tax Reporting","FULL_TIME","ONSITE","HIGH_SCHOOL","1"
"https://glints.com/id/opportunities/jobs/c4f5b404-feb2-498d-9f8e-d466300508b0","Dokter Mitra","Local Trading","Healthcare","Doctor","MONTH","1000000","2000000","Healthcare, Medical and Healthcare, Medical Devices","PROJECT_BASED","ONSITE","BACHELOR_DEGREE","1"
"https://glints.com/id/opportunities/jobs/645d1e58-aba3-4cd0-9dc1-80880b5e99ce","creative","Retail","Advertising & Public Relations","Creative Executive","MONTH","2500000","3500000","Video Editing, Creative Thinking, Content Editing, Creative Strategy, Creative Planning","FULL_TIME","ONSITE","HIGH_SCHOOL","1"
"https://glints.com/id/opportunities/jobs/642fcb04-acbe-4217-98e8-d0efffeb29ce","Store Manager Fashion Retail","Retail","Retail","Store Manager","MONTH","7000000","8000000","Teamwork, Public Speaking, Marketing Strategy, Product Marketing","FULL_TIME","ONSITE","BACHELOR_DEGREE","3"
"https://glints.com/id/opportunities/jobs/3d3d1e06-c3bd-4446-8409-131de3582627","Creative Staff","Retail","Film & Television Media","Other Media Positions","MONTH","3000000","4000000","Video Editing, Strong Communication Skills, Content Creation","FULL_TIME","ONSITE","HIGH_SCHOOL","1"
"https://glints.com/id/opportunities/jobs/e823a60d-d825-465e-953b-24f78a145f9f","Sales Trainee Academy (STAR) - Koja","Education Management","Business Development & Sales","Sales Representative","MONTH","1000000","3000000","Sales and Marketing, Communication Skills, English Language, Marketing Communications","CONTRACT","ONSITE","DIPLOMA","0"
"https://glints.com/id/opportunities/jobs/43cc8b51-097a-40bc-87c0-b526c1ca6920","Content Creator","Printing","Marketing","Content Creator","MONTH","1300000","3500000","Canva Design, Content Editing, Capcut, Adobe Premiere Pro, Adobe Photoshop, Content Creation","FULL_TIME","ONSITE","HIGH_SCHOOL","1"
"https://glints.com/id/opportunities/jobs/b103ab3a-f5a0-46aa-b5fd-1460c71d1ab6","CONTENT  CREATOR UNPAID INTERNSHIP/PART TIMER","Manufacturing","Marketing","Content Creator","MONTH","600000","700000","Creative Writing, Content Marketing, Content Writing","INTERNSHIP","ONSITE","HIGH_SCHOOL","0"
"https://glints.com/id/opportunities/jobs/e5c5e9d6-93ca-46d9-bbff-89a51f7f7bc0","Beauty Therapist Pengalaman Sidoarjo","Consumer Services","Services Industry","Beautician","MONTH","2000000","3000000","Beauty Treatments, Beauty Training, Customer Service","FULL_TIME","ONSITE","HIGH_SCHOOL","1"
"https://glints.com/id/opportunities/jobs/72db51bb-e5df-4e73-b059-60c1b94a0e8b","CREW OUTLET (FOH & BOH)","Food & Beverages","Retail","Store Crew","MONTH","1600000","2280000","Cashier, Customer Service, Siap Bekerja Di Bawah Tekanan, Teamwork, Cook","FULL_TIME","ONSITE","HIGH_SCHOOL","1"
"https://glints.com/id/opportunities/jobs/e4ea05fa-b874-477c-b552-1db16dd990f1","Sales Assistant","Retail","Business Development & Sales","Sales Assistant","MONTH","3000000","4000000","Sales Strategy, Customer Service, Communication Skills, Sales and Marketing, Customer Engagement","FULL_TIME","ONSITE","HIGH_SCHOOL","1"
"https://glints.com/id/opportunities/jobs/8a955469-749e-48c7-88da-3a351bd6806e","AR Collection Staff","N/A","Accounting","Field Collector","N/A","0","0","Customer Service, Negotiation Skills, Data Collection","FULL_TIME","ONSITE","HIGH_SCHOOL","1"
"https://glints.com/id/opportunities/jobs/e38e091f-12c6-4664-a87c-5d965f0fb60c","Direct sales PEMOL","Marketing and Advertising","Business Development & Sales","Sales Representative","MONTH","3000000","4000000","Customer Service, Communication Skills, Sales and Marketing","PROJECT_BASED","REMOTE","HIGH_SCHOOL","1"
"https://glints.com/id/opportunities/jobs/e6a34603-2163-4b22-9367-b47c15c1049d","Senior  Tax Consultant","Accounting","Accounting","Tax Accountant","N/A","0","0","Integrity, Proficient In English, Punctual, Proactive, Honest","FULL_TIME","ONSITE","BACHELOR_DEGREE","1"
"https://glints.com/id/opportunities/jobs/a7227693-d614-4475-be18-b71e8ec125bc","Creative Director","Media Production","Advertising & Public Relations","Creative Director","MONTH","5000000","6000000","Creative Thinking, Adobe Illustrator, Content Marketing, Creative Strategy, Content Strategy, Project Planning, Photography, Teamwork, Adobe Photoshop, Art Direction","FULL_TIME","ONSITE","DIPLOMA","1"
"https://glints.com/id/opportunities/jobs/bb01e75b-ebb0-4c2e-bb59-da9ad673a891","Driver acquisition & sales strategy","Translation and Localization","Sales Management","Other Sales Management Positions","MONTH","500000","1000000","Sales Management, Communication Skills, Sales Strategy","FULL_TIME","ONSITE","BACHELOR_DEGREE","1"
"https://glints.com/id/opportunities/jobs/d3e8670b-1408-4bcc-9b0c-f64474627b74","Cafe Server","Entertainment","Services Industry","Waitress & Waiter","MONTH","1000000","2000000","Customer Service, Western Restaurant, Restaurant Reception","FULL_TIME","ONSITE","HIGH_SCHOOL","0"
"https://glints.com/id/opportunities/jobs/fa1bf962-35d5-46f0-a408-8288d2e29c74","Sales Accounnt","Printing","Business Development & Sales","Sales Representative","MONTH","3500000","5000000","Sales Strategy, Customer Relationship Management, Customer Service, Sales and Marketing, Communication Skills","FULL_TIME","ONSITE","DIPLOMA","1"
"https://glints.com/id/opportunities/jobs/e32b56e7-d95d-4096-8deb-3fd6bad1b1a2","KASIR KEBAB LABUHAN DALAM","Food & Beverages","Services Industry","Cashier","MONTH","1000000","2000000","Convenience Store Cashier, Cashier, Supermarket Cashier","FULL_TIME","ONSITE","HIGH_SCHOOL","1"
"https://glints.com/id/opportunities/jobs/5ac87330-42e2-4499-83b6-599f1a694e9b","Digital Marketing Manager","Financial Services","Marketing","Digital Marketing Specialist","MONTH","2000000","3000000","Social Media, Digital Marketing, Marketing Communications","FULL_TIME","ONSITE","DIPLOMA","1"
"https://glints.com/id/opportunities/jobs/9c661061-937b-4b35-b7a3-b26dbf166c4a","Sourcing Development Manager","Sports","Manufacturing & Production","Other Apparel, Textile & Leather Positions","MONTH","10000000","18000000","Leadership, Stakeholder Management, Production Cost Management, Sourcing Skills","FULL_TIME","ONSITE","BACHELOR_DEGREE","5"
"https://glints.com/id/opportunities/jobs/9a53ec68-2384-42c7-9ec1-e90828843f9e","Staff Pengetikan Bahasa Inggris","Information Technology and Services","Education & Training","English Teacher","MONTH","4000000","5500000","Data Entry, Computer Operator, English Language","FULL_TIME","ONSITE","DIPLOMA","1"
"https://glints.com/id/opportunities/jobs/4fce09fa-2fe8-4de4-9230-799be189c681","Full Stack Developer","Information Technology and Services","Backend Development","Full Stack Developer","N/A","0","0","Laravel, C++, Node.js, MySQL, MongoDB, React.js, jQuery, JavaScript, Microsoft SQL Server, PostgreSQL","INTERNSHIP","REMOTE","BACHELOR_DEGREE","1"
"https://glints.com/id/opportunities/jobs/1147f0c1-a061-47cd-bf44-cd50d9c4bc72","Quality Control Manager (Garment)","Sports","Quality & Safety","Quality Inspector","MONTH","10000000","18000000","Garment & Textile, Compliance Management, Outgoing Quality Control (OQC), Management Reporting, Incoming Quality Control (IQC)","FULL_TIME","ONSITE","BACHELOR_DEGREE","5"
"https://glints.com/id/opportunities/jobs/e1bc965a-abcb-4369-833f-e72bd8152556","Akuntan Pajak","N/A","Accounting","Tax Accountant","N/A","0","0","Tax Audit, Tax Accounting, Problem Solving, Accounting, Time Management, Problem Solving, Analytical Skills, Teamwork, Communication Skills, Presentation Skills, Communication, Tax Reporting, Tax Planning, Microsoft Excel","FULL_TIME","ONSITE","DIPLOMA","1"
"https://glints.com/id/opportunities/jobs/06ced4eb-10d1-4e77-aae1-9e7f1e6ab1e6","Marketing Wifi Area Solo","Facilities Services","Marketing","Marketing Professionals","MONTH","1000000","12000000","Sales Management, Sales and Marketing, B2B Sales, B2C Sales, Customer Service","FULL_TIME","ONSITE","HIGH_SCHOOL","0"
"https://glints.com/id/opportunities/jobs/7fe1cde4-41b0-4528-8cd5-0866b749cf23","RESERVATION STAFF","Leisure, Travel & Tourism","Consulting","Recruitment Consultant","N/A","0","0","Sales Recruitment, Campus Recruitment, Design Job Recruitment, International Registered Management Consultant, Operations Recruitment, Recruitment, Engineering Consultant, Social Recruitment, Technical Job Recruitment, Product Recruitment","FULL_TIME","ONSITE","BACHELOR_DEGREE","1"
"https://glints.com/id/opportunities/jobs/3478a7cb-8c6d-43d3-bbc6-c4a7ae8f80b9","Penjaga Toko","Consumer Electronics","Retail","Store Crew","MONTH","1000000","2000000","Cashier, Store Operations, Customer Service","FULL_TIME","ONSITE","HIGH_SCHOOL","0"
"https://glints.com/id/opportunities/jobs/befe8981-8f34-4a05-8a9d-cd9c0a0203e9","Marketing Wifi Area Sukoharjo","Facilities Services","Marketing","Marketing Professionals","MONTH","1000000","12000000","Customer Service, B2B Sales, Sales Management, B2C Sales, Sales and Marketing","FULL_TIME","ONSITE","HIGH_SCHOOL","0"
"https://glints.com/id/opportunities/jobs/176a654c-d17c-4563-acbc-7f7b905d4ceb","Marekting Wifi Area Cilacap","Facilities Services","Telecommunication","Wireless & RF Communication Engineer","MONTH","3000000","4000000","B2B Sales, B2C Sales, Sales and Marketing, Sales Management, Customer Service","FULL_TIME","ONSITE","HIGH_SCHOOL","0"
"https://glints.com/id/opportunities/jobs/8bd5a60b-ca0e-457c-a1bf-116698bce940","Uniqlo Retail Specialist - Solo Paragon Lifestyle Mall","Telecommunications","Business Development & Sales","Sales Representative","MONTH","2871000","3200000","Communication Skills, Sales and Marketing, Customer Service, Sales Management, Sales Strategy, B2C Sales","FULL_TIME","ONSITE","DIPLOMA","0"
"https://glints.com/id/opportunities/jobs/dedbb69f-5a5c-422d-8c34-fea4444e6cbb","Sales Negotiator","Marketing and Advertising","Business Development & Sales","Sales Operations","N/A","0","0","Sales Strategy, Sales and Marketing, Communication Skills","FULL_TIME","HYBRID","HIGH_SCHOOL","1"
"https://glints.com/id/opportunities/jobs/3a57f84e-95ab-4f25-86a2-6340d5369ec3","Motion Graphic Designer Internship","Consumer Goods","Visual & Interactive Design","Graphic & Brand Designer","N/A","0","0","Video Editing, Film & Video Production, Adobe Illustrator, Teamwork, Capcut, Adobe Premiere Pro, Video Color Grading, Adobe After Effects","INTERNSHIP","ONSITE","BACHELOR_DEGREE","0"
"https://glints.com/id/opportunities/jobs/e2afbab9-7cbf-4bb0-8f97-9511c8604d94","Host Live Entertainment","Consumer Services","Film & Television Media","Host","MONTH","4500000","5500000","Host, Talk Show Host, TikTok, Teamwork","FULL_TIME","ONSITE","SECONDARY_SCHOOL","0"
"https://glints.com/id/opportunities/jobs/5e0ca987-f756-4176-a8aa-0cc5661c1507","Social Media Manager","Retail","Marketing","Social Media Manager","MONTH","4000000","5000000","Content Marketing, Social Media, Digital Marketing","PART_TIME","HYBRID","HIGH_SCHOOL","1"
"https://glints.com/id/opportunities/jobs/f34074eb-d36d-41ae-b6f1-1a03b3387449","Field Client Relation - Bekasi Utara","Hospital & Health Care","Marketing","Marketing Professionals","MONTH","2000000","3000000","Marketing Communications, B2B Marketing, Market Research","FULL_TIME","ONSITE","DIPLOMA","1"
"https://glints.com/id/opportunities/jobs/16681117-3572-44c9-a7da-2d9134343b05","HOST LIVE DANCE","Consumer Services","Film & Television Media","Host","MONTH","4000000","6000000","Dance, TikTok, Host","FULL_TIME","ONSITE","SECONDARY_SCHOOL","0"
"https://glints.com/id/opportunities/jobs/24ec61dc-c0b1-4289-b6f2-f197d6432f7e","Salon Kecantikan","Cosmetics","Services Industry","Salon Assistant & Apprentice","MONTH","1000000","2000000","Hairdressing Training, Beauty Salon Reception, Hairstylist","FULL_TIME","ONSITE","HIGH_SCHOOL","0"
"https://glints.com/id/opportunities/jobs/e4a57a28-d8a8-4228-b7b1-86e9612b1b9d","Graphic Designer","Cosmetics","Visual & Interactive Design","Graphic & Brand Designer","MONTH","7000000","10000000","Brand Design, Adobe Photoshop, Graphic Design, AI Prompt, Adobe Illustrator","FULL_TIME","ONSITE","DIPLOMA","1"
"https://glints.com/id/opportunities/jobs/35ba9bcd-1aef-4187-9e5a-6dcfce02c727","Project Operations Coordinator","Marketing and Advertising","Project Management","Project Manager","MONTH","6000000","8000000","Project Planning, Project Management, Team Management","FULL_TIME","HYBRID","BACHELOR_DEGREE","3"
"https://glints.com/id/opportunities/jobs/11fc2ba8-38b3-4fac-bc18-f4eaa088a70a","sales retail","Internet","Business Development & Sales","Sales Operations","MONTH","5000000","8000000","B2C Sales, Sales Strategy, Communication Skills, Sales and Marketing","FULL_TIME","ONSITE","HIGH_SCHOOL","1"
